"","city_name","msa","odc_score","odc_rank","home_value","construction","ed_health","finance","goods","information","leis_hosp","manufacturing","mining","other_serv","pro_bus","service","trad_trans_util","unclassified"
"1","Albuquerque, NM","Albuquerque, NM MSA",995,24,181800,NA,NA,NA,NA,NA,NA,NA,NA,NA,NA,NA,NA,NA
"2","Anchorage, AK","Anchorage, AK MSA",1430,10,283000,1.28,1.08,0.78,0.65,1.29,1.04,0.16,1.62,1.1,0.84,1.03,1.15,0.5
"3","Ann Arbor, MI","Ann Arbor, MI MSA",770,33,234200,0.39,0.84,0.58,0.6,1.13,0.74,0.8,0.08,0.78,0.93,0.77,0.64,0.56
"4","Asheville, NC","Asheville, NC MSA",1120,20,195800,NA,NA,NA,NA,NA,NA,NA,NA,NA,NA,NA,NA,NA
"5","Athens, GA","Athens-Clarke County, GA MSA",545,52,158600,NA,NA,NA,NA,NA,NA,NA,NA,NA,NA,NA,NA,NA
"6","Atlanta, GA","Atlanta-Sandy Springs-Roswell, GA MSA",1105,21,186300,NA,NA,NA,NA,NA,NA,NA,NA,NA,NA,NA,NA,NA
"7","Austin, TX","Austin-Round Rock, TX MSA",1700,3,241100,1.18,0.76,1.03,0.83,1.42,1.15,0.71,0.39,1.15,1.19,1,0.9,0.2
"8","Baltimore, MD","Baltimore-Columbia-Towson, MD MSA",520,53,290300,NA,NA,NA,NA,NA,NA,NA,NA,NA,NA,NA,NA,NA
"9","Bangor, ME","Bangor, ME MSA",0,94,143100,NA,NA,NA,NA,NA,NA,NA,NA,NA,NA,NA,NA,NA
"10","Baton Rouge, LA","Baton Rouge, LA MSA",1425,11,176400,NA,NA,NA,NA,NA,NA,NA,NA,NA,NA,NA,NA,NA
"11","Birmingham, AL","Birmingham-Hoover, AL MSA",495,58,156900,NA,NA,NA,NA,NA,NA,NA,NA,NA,NA,NA,NA,NA
"12","Blacksburg, VA","Blacksburg-Christiansburg-Radford, VA MSA",265,73,172300,NA,NA,NA,NA,NA,NA,NA,NA,NA,NA,NA,NA,NA
"13","Boise, ID","Boise City, ID MSA",645,44,193100,NA,NA,NA,NA,NA,NA,NA,NA,NA,NA,NA,NA,NA
"14","Boston, MA","Boston-Cambridge-Newton, MA-NH MSA",1370,13,393000,NA,NA,NA,NA,NA,NA,NA,NA,NA,NA,NA,NA,NA
"15","Boulder, CO","Boulder, CO MSA",520,53,416500,0.63,0.89,0.7,0.91,2.32,1.07,1.16,0.3,0.95,1.4,1,0.73,0.13
"16","Bridgeport, CT","Bridgeport-Stamford-Norwalk, CT MSA",0,94,420900,0.65,1.16,1.7,0.75,1.51,0.92,0.91,0.07,1.39,1.13,1.11,0.92,0.23
"17","Burlington, VT","Burlington-South Burlington, VT MSA",80,87,266800,NA,NA,NA,NA,NA,NA,NA,NA,NA,NA,NA,NA,NA
"18","Charlotte, NC","Charlotte-Concord-Gastonia, NC-SC MSA",790,32,173900,NA,NA,NA,NA,NA,NA,NA,NA,NA,NA,NA,NA,NA
"19","Chattanooga, TN","Chattanooga, TN-GA MSA",1350,15,150300,NA,NA,NA,NA,NA,NA,NA,NA,NA,NA,NA,NA,NA
"20","Chicago, IL","Chicago-Naperville-Elgin, IL-IN-WI MSA",1720,2,224300,NA,NA,NA,NA,NA,NA,NA,NA,NA,NA,NA,NA,NA
"21","Cincinnati, OH","Cincinnati, OH-KY-IN MSA",600,47,159200,NA,NA,NA,NA,NA,NA,NA,NA,NA,NA,NA,NA,NA
"22","Cleveland, OH","Cleveland-Elyria, OH MSA",550,51,143100,0.74,1.26,1.06,1.09,0.69,0.92,1.41,0.22,0.95,1,1.01,0.92,0.15
"23","Columbus, OH","Columbus, OH MSA",140,82,166600,NA,NA,NA,NA,NA,NA,NA,NA,NA,NA,NA,NA,NA
"24","Dallas, TX","Dallas-Fort Worth-Arlington, TX MSA",720,37,172500,1.12,0.8,1.44,0.95,1.21,0.98,0.91,0.67,0.87,1.16,1.05,1.12,0.2
"25","Dayton, OH","Dayton, OH MSA",70,88,124500,0.7,1.24,0.81,0.98,1.12,0.97,1.26,0.13,0.89,0.93,0.99,0.93,0.08
"26","Denver, CO","Denver-Aurora-Lakewood, CO MSA",815,30,314400,1.3,0.84,1.28,0.81,1.68,1.04,0.56,0.73,0.99,1.3,1.06,0.97,0.06
"27","Detroit, MI","Detroit-Warren-Dearborn, MI MSA",515,56,151000,0.74,1.05,0.92,1.1,0.68,0.93,1.45,0.11,1,1.4,1.06,0.98,0.97
"28","Durham, NC","Durham-Chapel Hill, NC MSA",240,76,204700,NA,NA,NA,NA,NA,NA,NA,NA,NA,NA,NA,NA,NA
"29","Gainesville, FL","Gainesville, FL MSA",200,78,164400,0.79,1.23,0.86,0.56,0.58,1.05,0.39,0.8,0.85,0.68,0.9,0.78,0.1
"30","Grand Rapids, MI","Grand Rapids-Wyoming, MI MSA",165,81,151300,0.84,1.04,0.75,1.77,0.47,0.81,2.38,0.97,1,1.06,0.94,0.92,0.59
"31","Greenville, NC","Greenville, NC MSA",0,94,138200,NA,NA,NA,NA,NA,NA,NA,NA,NA,NA,NA,NA,NA
"32","Hartford, CT","Hartford-West Hartford-East Hartford, CT MSA",1100,22,247000,NA,NA,NA,NA,NA,NA,NA,NA,NA,NA,NA,NA,NA
"33","Houston, TX","Houston-The Woodlands-Sugar Land, TX MSA",235,77,168300,NA,NA,NA,NA,NA,NA,NA,NA,NA,NA,NA,NA,NA
"34","Huntsville, AL","Huntsville, AL MSA",0,94,171800,NA,NA,NA,NA,NA,NA,NA,NA,NA,NA,NA,NA,NA
"35","Jacksonville, FL","Jacksonville, FL MSA",195,79,172800,1.22,1.02,1.65,0.71,0.73,1.19,0.54,0.15,0.93,1.06,1.11,1.08,0.25
"36","Kansas City, MO","Kansas City, MO-KS MSA",1190,18,164700,NA,NA,NA,NA,NA,NA,NA,NA,NA,NA,NA,NA,NA
"37","Lexington, KY","Lexington-Fayette, KY MSA",255,74,167800,0.93,0.81,0.63,1.2,1.01,1.07,1.33,1.23,0.78,1.01,0.92,0.97,0.13
"38","Lincoln, NE","Lincoln, NE MSA",385,64,163600,NA,NA,NA,NA,NA,NA,NA,NA,NA,NA,NA,NA,NA
"39","Long Beach, CA","Los Angeles-Long Beach-Anaheim, CA MSA",290,71,540600,0.81,1.06,1.02,0.86,2.01,1.1,1.01,0.14,1.07,1.09,1.07,0.96,3.47
"40","Los Angeles, CA","Los Angeles-Long Beach-Anaheim, CA MSA",1670,5,540600,0.81,1.06,1.02,0.86,2.01,1.1,1.01,0.14,1.07,1.09,1.07,0.96,3.47
"41","Louisville, KY","Louisville/Jefferson County, KY-IN MSA",1305,16,154000,NA,NA,NA,NA,NA,NA,NA,NA,NA,NA,NA,NA,NA
"42","Madison, WI","Madison, WI MSA",470,60,228500,0.88,0.77,1.1,0.93,2.16,0.89,1.02,0.55,1.04,0.92,0.93,0.89,0
"43","Fort Lauderdale, FL","Miami-Fort Lauderdale-West Palm Beach, FL MSA",595,48,241700,0.99,0.98,1.23,0.58,0.96,1.17,0.39,0.46,1.26,1.11,1.13,1.22,0.58
"44","St. Paul, MN","Minneapolis-St. Paul-Bloomington, MN-WI MSA",0,94,231800,NA,NA,NA,NA,NA,NA,NA,NA,NA,NA,NA,NA,NA
"45","Minneapolis, MN","Minneapolis-St. Paul-Bloomington, MN-WI MSA",135,83,231800,NA,NA,NA,NA,NA,NA,NA,NA,NA,NA,NA,NA,NA
"46","Missoula, MT","Missoula, MT MSA",0,94,246400,1.01,1.18,0.83,0.61,0.81,1.3,0.4,0.62,1.56,0.8,1.07,1.08,0.02
"47","Nashville, TN","Nashville-Davidson--Murfreesboro--Franklin, TN MSA",865,29,192200,NA,NA,NA,NA,NA,NA,NA,NA,NA,NA,NA,NA,NA
"48","New Orleans, LA","New Orleans-Metairie, LA MSA",880,28,188300,NA,NA,NA,NA,NA,NA,NA,NA,NA,NA,NA,NA,NA
"49","Jersey City, NJ","New York-Newark-Jersey City, NY-NJ-PA MSA",435,61,414000,0.86,1.24,1.47,0.55,1.51,0.89,0.46,0.07,1.3,1.11,1.12,0.97,2.64
"50","Oklahoma City, OK","Oklahoma City, OK MSA",705,39,146100,NA,NA,NA,NA,NA,NA,NA,NA,NA,NA,NA,NA,NA
"51","Philadelphia, PA","Philadelphia-Camden-Wilmington, PA-NJ-DE-MD MSA",1535,8,240900,NA,NA,NA,NA,NA,NA,NA,NA,NA,NA,NA,NA,NA
"52","Phoenix, AZ","Phoenix-Mesa-Scottsdale, AZ MSA",0,94,219100,1.13,0.98,1.53,0.82,0.96,1.02,0.72,0.44,0.88,1.19,1.09,1.03,1.95
"53","Mesa, AZ","Phoenix-Mesa-Scottsdale, AZ MSA",935,26,219100,1.13,0.98,1.53,0.82,0.96,1.02,0.72,0.44,0.88,1.19,1.09,1.03,1.95
"54","Pittsburgh, PA","Pittsburgh, PA MSA",1170,19,143200,NA,NA,NA,NA,NA,NA,NA,NA,NA,NA,NA,NA,NA
"55","Portland, ME","Portland-South Portland, ME MSA",0,94,245800,NA,NA,NA,NA,NA,NA,NA,NA,NA,NA,NA,NA,NA
"56","Portland, OR","Portland-Vancouver-Hillsboro, OR-WA MSA",710,38,303100,1.08,0.93,0.95,1.16,1.09,0.95,1.26,0.86,1.28,1.09,1,0.97,0.07
"57","Providence, RI","Providence-Warwick, RI-MA MSA",1255,17,254500,NA,NA,NA,NA,NA,NA,NA,NA,NA,NA,NA,NA,NA
"58","Raleigh, NC","Raleigh, NC MSA",730,35,225000,1.26,0.79,0.91,0.82,1.75,1.05,0.68,0.24,0.95,1.37,1.03,0.95,0
"59","Richmond, VA","Richmond, VA MSA",555,50,219700,NA,NA,NA,NA,NA,NA,NA,NA,NA,NA,NA,NA,NA
"60","Sacramento, CA","Sacramento--Roseville--Arden-Arcade, CA MSA",1365,14,339900,1.17,0.98,0.97,0.7,0.69,0.95,0.44,0.74,0.98,0.93,0.91,0.82,2.22
"61","Salt Lake City, UT","Salt Lake City, UT MSA",1065,23,251200,1.12,0.75,1.44,0.93,1.3,0.8,0.93,0.32,0.87,1.25,1.02,1.06,0.07
"62","San Antonio, TX","San Antonio-New Braunfels, TX MSA",635,46,151400,1.13,1,1.47,0.75,1.13,1.2,0.55,0.72,0.93,0.9,1.03,0.92,0.14
"63","San Diego, CA","San Diego-Carlsbad, CA MSA",1510,9,485900,1.09,0.9,0.92,0.9,0.87,1.23,0.86,0.48,1.17,1.19,1.01,0.83,3.02
"64","San Francisco, CA","San Francisco-Oakland-Hayward, CA MSA",1675,4,718400,1.06,0.95,1.02,0.72,1.9,1.05,0.64,0.14,1.21,1.45,1.09,0.84,3.08
"65","Oakland, CA","San Francisco-Oakland-Hayward, CA MSA",560,49,718400,1.06,0.95,1.02,0.72,1.9,1.05,0.64,0.14,1.21,1.45,1.09,0.84,3.08
"66","San Jose, CA","San Jose-Sunnyvale-Santa Clara, CA MSA",920,27,823700,NA,NA,NA,NA,NA,NA,NA,NA,NA,NA,NA,NA,NA
"67","Savannah, GA","Savannah, GA MSA",0,94,173600,0.8,0.97,0.65,0.98,0.59,1.42,1.21,0.11,0.98,0.76,1.03,1.2,1.66
"68","Seattle, WA","Seattle-Tacoma-Bellevue, WA MSA",1410,12,361500,1.2,0.87,0.89,1.08,2.69,0.92,1.15,0.2,1.05,1.02,1,0.99,0
"69","Spartanburg, SC","Spartanburg, SC MSA",0,94,124300,NA,NA,NA,NA,NA,NA,NA,NA,NA,NA,NA,NA,NA
"70","St. Louis, MO","St. Louis, MO-IL MSA",725,36,164200,NA,NA,NA,NA,NA,NA,NA,NA,NA,NA,NA,NA,NA
"71","Tampa, FL","Tampa-St. Petersburg-Clearwater, FL MSA",0,94,165600,1.14,1.05,1.45,0.76,1.03,1.11,0.58,0.61,0.93,1.18,1.1,1.02,0.31
"72","Toledo, OH","Toledo, OH MSA",50,91,118700,0.92,1.12,0.58,1.33,0.5,1.03,1.71,0.28,0.99,0.87,0.95,1,0.07
"73","Tulsa, OK","Tulsa, OK MSA",675,43,141800,NA,NA,NA,NA,NA,NA,NA,NA,NA,NA,NA,NA,NA
"74","Tuscaloosa, AL","Tuscaloosa, AL MSA",500,57,156400,NA,NA,NA,NA,NA,NA,NA,NA,NA,NA,NA,NA,NA
"75","Honolulu, HI","Urban Honolulu, HI MSA",35,93,629900,1.19,0.89,0.78,0.56,0.79,1.36,0.27,0.33,1.37,1.03,1.01,0.95,0
"76","Vallejo, CA","Vallejo-Fairfield, CA MSA",0,94,344900,1.47,1.22,0.66,1.15,0.42,1.03,1,1.08,0.9,0.52,0.93,1.06,2.02
"77","Virginia Beach, VA","Virginia Beach-Norfolk-Newport News, VA-NC MSA",815,30,236900,NA,NA,NA,NA,NA,NA,NA,NA,NA,NA,NA,NA,NA
"78","Newport News, VA","Virginia Beach-Norfolk-Newport News, VA-NC MSA",70,88,236900,NA,NA,NA,NA,NA,NA,NA,NA,NA,NA,NA,NA,NA
"79","Norfolk, VA","Virginia Beach-Norfolk-Newport News, VA-NC MSA",325,69,236900,NA,NA,NA,NA,NA,NA,NA,NA,NA,NA,NA,NA,NA
"80","Washington, DC","Washington-Arlington-Alexandria, DC-VA-MD-WV MSA",970,25,401500,NA,NA,NA,NA,NA,NA,NA,NA,NA,NA,NA,NA,NA
"81","Arlington, VA","Washington-Arlington-Alexandria, DC-VA-MD-WV MSA",520,53,401500,NA,NA,NA,NA,NA,NA,NA,NA,NA,NA,NA,NA,NA
"82","Cedar Falls, IA","Waterloo-Cedar Falls, IA MSA",0,94,143400,NA,NA,NA,NA,NA,NA,NA,NA,NA,NA,NA,NA,NA
"83",NA,"Abilene, TX MSA",NA,NA,107400,1.21,1.24,0.92,0.86,0.9,1.1,0.5,1.98,0.99,0.58,0.98,1.03,0.1
"84",NA,"Akron, OH MSA",NA,NA,146300,0.81,1.11,0.73,1.11,0.64,0.94,1.43,0.14,1.01,1.12,1.02,1.05,0.1
"85",NA,"Albany-Schenectady-Troy, NY MSA",NA,NA,201000,0.92,1.22,1.03,0.7,0.96,0.82,0.66,0.27,1.18,0.85,0.96,0.88,0.98
"86",NA,"Albany, GA MSA",NA,NA,110200,NA,NA,NA,NA,NA,NA,NA,NA,NA,NA,NA,NA,NA
"87",NA,"Albany, OR MSA",NA,NA,176300,1.23,0.83,0.52,1.89,0.41,0.71,1.9,3.95,1.34,0.52,0.8,1.06,0.07
"88",NA,"Alexandria, LA MSA",NA,NA,134800,NA,NA,NA,NA,NA,NA,NA,NA,NA,NA,NA,NA,NA
"89",NA,"Allentown-Bethlehem-Easton, PA-NJ MSA",NA,NA,203500,0.74,1.33,0.72,0.97,0.84,0.95,1.2,0.29,0.94,0.94,1.06,1.15,0.28
"90",NA,"Altoona, PA MSA",NA,NA,114800,NA,NA,NA,NA,NA,NA,NA,NA,NA,NA,NA,NA,NA
"91",NA,"Amarillo, TX MSA",NA,NA,127800,NA,NA,NA,NA,NA,NA,NA,NA,NA,NA,NA,NA,NA
"92",NA,"Ames, IA MSA",NA,NA,177400,NA,NA,NA,NA,NA,NA,NA,NA,NA,NA,NA,NA,NA
"93",NA,"Anniston-Oxford-Jacksonville, AL MSA",NA,NA,111400,NA,NA,NA,NA,NA,NA,NA,NA,NA,NA,NA,NA,NA
"94",NA,"Appleton, WI MSA",NA,NA,159600,NA,NA,NA,NA,NA,NA,NA,NA,NA,NA,NA,NA,NA
"95",NA,"Atlantic City-Hammonton, NJ MSA",NA,NA,223400,0.9,1,0.52,0.48,0.31,2.78,0.19,0.97,0.96,0.53,1.09,0.89,0.34
"96",NA,"Auburn-Opelika, AL MSA",NA,NA,169000,NA,NA,NA,NA,NA,NA,NA,NA,NA,NA,NA,NA,NA
"97",NA,"Augusta-Richmond County, GA-SC MSA",NA,NA,135100,1.1,0.92,0.57,1.04,0.68,1.04,1.08,0.62,0.82,1.03,0.93,0.94,0.69
"98",NA,"Bakersfield, CA MSA",NA,NA,197100,1.14,0.69,0.48,2.17,0.43,0.73,0.51,15.63,0.67,0.59,0.7,0.84,1.66
"99",NA,"Barnstable Town, MA MSA",NA,NA,375300,NA,NA,NA,NA,NA,NA,NA,NA,NA,NA,NA,NA,NA
"100",NA,"Battle Creek, MI MSA",NA,NA,101400,0.62,1.2,0.37,1.63,0.4,0.75,2.37,0.37,0.83,0.7,0.82,0.83,0.57
"101",NA,"Bay City, MI MSA",NA,NA,94100,0.64,1.26,0.61,1.03,0.7,1.1,1.34,0.35,1.16,0.63,0.99,1.12,0.48
"102",NA,"Beaumont-Port Arthur, TX MSA",NA,NA,106000,NA,NA,NA,NA,NA,NA,NA,NA,NA,NA,NA,NA,NA
"103",NA,"Beckley, WV MSA",NA,NA,99600,0.67,1.32,0.48,0.77,0.62,1.18,0.32,3.9,1.1,0.58,0.98,1.08,0.05
"104",NA,"Bellingham, WA MSA",NA,NA,293700,NA,NA,NA,NA,NA,NA,NA,NA,NA,NA,NA,NA,NA
"105",NA,"Bend-Redmond, OR MSA",NA,NA,312600,1.54,1.07,0.82,0.98,1.16,1.45,0.76,0.51,1.29,0.8,1.05,1,0.06
"106",NA,"Billings, MT MSA",NA,NA,211500,NA,NA,NA,NA,NA,NA,NA,NA,NA,NA,NA,NA,NA
"107",NA,"Binghamton, NY MSA",NA,NA,113600,0.81,1.08,0.62,1.05,0.87,0.93,1.31,0.26,1.18,0.65,0.91,1,0.79
"108",NA,"Bismarck, ND MSA",NA,NA,226300,NA,NA,NA,NA,NA,NA,NA,NA,NA,NA,NA,NA,NA
"109",NA,"Bloomington, IL MSA",NA,NA,163000,0.68,0.78,3.83,0.61,0.42,1.15,0.58,0.52,1.05,0.74,1.1,0.86,0.26
"110",NA,"Bloomington, IN MSA",NA,NA,154200,NA,NA,NA,NA,NA,NA,NA,NA,NA,NA,NA,NA,NA
"111",NA,"Bloomsburg-Berwick, PA MSA",NA,NA,159400,NA,NA,NA,NA,NA,NA,NA,NA,NA,NA,NA,NA,NA
"112",NA,"Bowling Green, KY MSA",NA,NA,127100,NA,NA,NA,NA,NA,NA,NA,NA,NA,NA,NA,NA,NA
"113",NA,"Bremerton-Silverdale, WA MSA",NA,NA,269200,NA,NA,NA,NA,NA,NA,NA,NA,NA,NA,NA,NA,NA
"114",NA,"Brownsville-Harlingen, TX MSA",NA,NA,82800,0.48,1.75,0.65,0.48,0.44,0.99,0.49,0.37,0.54,0.58,1.01,1.01,0.23
"115",NA,"Brunswick, GA MSA",NA,NA,134200,NA,NA,NA,NA,NA,NA,NA,NA,NA,NA,NA,NA,NA
"116",NA,"Buffalo-Cheektowaga-Niagara Falls, NY MSA",NA,NA,135200,0.81,1.09,1.1,0.93,0.67,1.01,1.1,0.24,1.2,0.92,1.01,0.98,1.08
"117",NA,"Burlington, NC MSA",NA,NA,141100,NA,NA,NA,NA,NA,NA,NA,NA,NA,NA,NA,NA,NA
"118",NA,"California-Lexington Park, MD MSA",NA,NA,293700,NA,NA,NA,NA,NA,NA,NA,NA,NA,NA,NA,NA,NA
"119",NA,"Canton-Massillon, OH MSA",NA,NA,126400,0.96,1.25,0.8,1.5,0.49,1.05,1.93,0.59,1.11,0.58,0.94,0.98,0.06
"120",NA,"Cape Coral-Fort Myers, FL MSA",NA,NA,184200,1.99,0.74,0.87,0.86,0.65,1.54,0.26,0.98,1.05,0.9,1.02,1.11,0.1
"121",NA,"Cape Girardeau, MO-IL MSA",NA,NA,146500,NA,NA,NA,NA,NA,NA,NA,NA,NA,NA,NA,NA,NA
"122",NA,"Carbondale-Marion, IL MSA",NA,NA,98800,0.8,1.11,0.88,0.89,0.77,1.01,0.81,1.67,0.66,0.5,0.87,0.91,0.26
"123",NA,"Carson City, NV MSA",NA,NA,218100,0.78,0.9,0.68,0.88,0.42,1.15,1.06,0.12,0.72,0.48,0.77,0.74,0.17
"124",NA,"Casper, WY MSA",NA,NA,206400,NA,NA,NA,NA,NA,NA,NA,NA,NA,NA,NA,NA,NA
"125",NA,"Cedar Rapids, IA MSA",NA,NA,149000,NA,NA,NA,NA,NA,NA,NA,NA,NA,NA,NA,NA,NA
"126",NA,"Chambersburg-Waynesboro, PA MSA",NA,NA,175200,NA,NA,NA,NA,NA,NA,NA,NA,NA,NA,NA,NA,NA
"127",NA,"Champaign-Urbana, IL MSA",NA,NA,152600,NA,NA,NA,NA,NA,NA,NA,NA,NA,NA,NA,NA,NA
"128",NA,"Charleston-North Charleston, SC MSA",NA,NA,210400,NA,NA,NA,NA,NA,NA,NA,NA,NA,NA,NA,NA,NA
"129",NA,"Charleston, WV MSA",NA,NA,104100,NA,NA,NA,NA,NA,NA,NA,NA,NA,NA,NA,NA,NA
"130",NA,"Charlottesville, VA MSA",NA,NA,271900,NA,NA,NA,NA,NA,NA,NA,NA,NA,NA,NA,NA,NA
"131",NA,"Cheyenne, WY MSA",NA,NA,204500,NA,NA,NA,NA,NA,NA,NA,NA,NA,NA,NA,NA,NA
"132",NA,"Chico, CA MSA",NA,NA,246700,0.89,1.48,0.78,0.9,0.67,0.97,0.6,2.78,1.45,0.5,0.97,0.91,2.07
"133",NA,"Clarksville, TN-KY MSA",NA,NA,140600,0.69,0.88,0.65,1.08,0.69,1.16,1.38,0.5,0.71,0.7,0.89,1,0.07
"134",NA,"Cleveland, TN MSA",NA,NA,149000,NA,NA,NA,NA,NA,NA,NA,NA,NA,NA,NA,NA,NA
"135",NA,"Coeur d'Alene, ID MSA",NA,NA,197700,1.51,0.85,0.9,1.09,0.49,1.36,0.97,0.47,0.76,0.71,0.93,1.01,0
"136",NA,"College Station-Bryan, TX MSA",NA,NA,166300,1.02,0.67,0.64,0.87,0.62,1.24,0.58,2.17,0.78,0.52,0.76,0.78,0.09
"137",NA,"Colorado Springs, CO MSA",NA,NA,234100,NA,NA,NA,NA,NA,NA,NA,NA,NA,NA,NA,NA,NA
"138",NA,"Columbia, MO MSA",NA,NA,181000,0.81,0.87,0.95,0.56,0.72,1.1,0.5,0.15,0.78,0.85,0.9,0.9,0
"139",NA,"Columbia, SC MSA",NA,NA,147500,NA,NA,NA,NA,NA,NA,NA,NA,NA,NA,NA,NA,NA
"140",NA,"Columbus, GA-AL MSA",NA,NA,138900,NA,NA,NA,NA,NA,NA,NA,NA,NA,NA,NA,NA,NA
"141",NA,"Columbus, IN MSA",NA,NA,136800,NA,NA,NA,NA,NA,NA,NA,NA,NA,NA,NA,NA,NA
"142",NA,"Corpus Christi, TX MSA",NA,NA,123900,2.04,1.02,0.78,1.2,0.54,1.27,0.56,2.42,0.96,0.62,0.93,0.98,0.09
"143",NA,"Corvallis, OR MSA",NA,NA,275800,0.55,1.1,0.5,0.91,0.82,1,0.92,2.02,1.44,0.83,0.86,0.64,0
"144",NA,"Crestview-Fort Walton Beach-Destin, FL MSA",NA,NA,203500,1.2,0.72,1.05,0.61,0.45,1.84,0.38,0.07,1.11,0.91,1.03,0.97,0.37
"145",NA,"Cumberland, MD-WV MSA",NA,NA,119400,0.73,1.39,0.54,1.03,1.24,1.05,1.32,0.26,0.9,0.42,0.91,0.89,0.06
"146",NA,"Dalton, GA MSA",NA,NA,125600,NA,NA,NA,NA,NA,NA,NA,NA,NA,NA,NA,NA,NA
"147",NA,"Danville, IL MSA",NA,NA,73800,0.45,0.57,0.78,1.47,0.41,0.78,2.15,0.49,0.91,0.51,0.83,1.36,0.27
"148",NA,"Daphne-Fairhope-Foley, AL MSA",NA,NA,177800,NA,NA,NA,NA,NA,NA,NA,NA,NA,NA,NA,NA,NA
"149",NA,"Davenport-Moline-Rock Island, IA-IL MSA",NA,NA,128900,1.11,0.97,0.69,1.26,0.63,0.92,1.49,0.3,1.15,0.96,0.97,1.08,0.2
"150",NA,"Decatur, AL MSA",NA,NA,125700,NA,NA,NA,NA,NA,NA,NA,NA,NA,NA,NA,NA,NA
"151",NA,"Decatur, IL MSA",NA,NA,98200,1.39,1.12,0.67,1.82,0.6,0.94,2.32,0.15,0.94,0.43,0.89,1.1,0.61
"152",NA,"Deltona-Daytona Beach-Ormond Beach, FL MSA",NA,NA,151000,1.3,1.3,0.82,0.86,0.68,1.47,0.67,0.61,1.07,0.77,1.07,1,0.39
"153",NA,"Des Moines-West Des Moines, IA MSA",NA,NA,164700,NA,NA,NA,NA,NA,NA,NA,NA,NA,NA,NA,NA,NA
"154",NA,"Dothan, AL MSA",NA,NA,120500,NA,NA,NA,NA,NA,NA,NA,NA,NA,NA,NA,NA,NA
"155",NA,"Dover, DE MSA",NA,NA,215200,NA,NA,NA,NA,NA,NA,NA,NA,NA,NA,NA,NA,NA
"156",NA,"Dubuque, IA MSA",NA,NA,161700,NA,NA,NA,NA,NA,NA,NA,NA,NA,NA,NA,NA,NA
"157",NA,"Duluth, MN-WI MSA",NA,NA,147300,NA,NA,NA,NA,NA,NA,NA,NA,NA,NA,NA,NA,NA
"158",NA,"East Stroudsburg, PA MSA",NA,NA,166700,NA,NA,NA,NA,NA,NA,NA,NA,NA,NA,NA,NA,NA
"159",NA,"Eau Claire, WI MSA",NA,NA,151500,NA,NA,NA,NA,NA,NA,NA,NA,NA,NA,NA,NA,NA
"160",NA,"El Centro, CA MSA",NA,NA,169000,0.73,0.88,0.36,1.76,0.25,0.6,0.21,14.6,0.41,0.27,0.66,0.98,1.27
"161",NA,"El Paso, TX MSA",NA,NA,113900,NA,NA,NA,NA,NA,NA,NA,NA,NA,NA,NA,NA,NA
"162",NA,"Elizabethtown-Fort Knox, KY MSA",NA,NA,141500,NA,NA,NA,NA,NA,NA,NA,NA,NA,NA,NA,NA,NA
"163",NA,"Elkhart-Goshen, IN MSA",NA,NA,134900,0.53,0.59,0.38,3.46,0.2,0.55,5.54,0.15,0.62,0.54,0.59,0.77,0
"164",NA,"Elmira, NY MSA",NA,NA,98600,0.77,1.25,0.69,1.29,0.55,0.85,1.66,0.67,0.97,0.46,0.92,1.15,0.3
"165",NA,"Erie, PA MSA",NA,NA,121800,NA,NA,NA,NA,NA,NA,NA,NA,NA,NA,NA,NA,NA
"166",NA,"Eugene, OR MSA",NA,NA,235800,0.88,1.08,0.77,0.97,1.11,1.02,1.02,1.02,1.36,0.77,0.98,1.04,0.05
"167",NA,"Evansville, IN-KY MSA",NA,NA,130400,1.41,1.17,0.56,1.5,0.54,0.96,1.73,0.42,1.13,0.83,0.96,1.03,0
"168",NA,"Fairbanks, AK MSA",NA,NA,229300,1.88,0.93,0.6,0.84,0.66,1.06,0.18,1.54,0.79,0.44,0.86,1.12,0.6
"169",NA,"Fargo, ND-MN MSA",NA,NA,193600,NA,NA,NA,NA,NA,NA,NA,NA,NA,NA,NA,NA,NA
"170",NA,"Farmington, NM MSA",NA,NA,147800,NA,NA,NA,NA,NA,NA,NA,NA,NA,NA,NA,NA,NA
"171",NA,"Fayetteville-Springdale-Rogers, AR-MO MSA",NA,NA,159800,NA,NA,NA,NA,NA,NA,NA,NA,NA,NA,NA,NA,NA
"172",NA,"Fayetteville, NC MSA",NA,NA,127800,NA,NA,NA,NA,NA,NA,NA,NA,NA,NA,NA,NA,NA
"173",NA,"Flagstaff, AZ MSA",NA,NA,228600,0.75,1.01,0.38,0.74,0.38,2.02,0.81,0.24,0.69,0.38,0.91,0.85,0.62
"174",NA,"Flint, MI MSA",NA,NA,99200,0.71,1.34,0.73,0.84,1.46,1.02,1.02,0.12,0.97,0.79,1.05,1.11,0.77
"175",NA,"Florence-Muscle Shoals, AL MSA",NA,NA,114800,NA,NA,NA,NA,NA,NA,NA,NA,NA,NA,NA,NA,NA
"176",NA,"Florence, SC MSA",NA,NA,115300,NA,NA,NA,NA,NA,NA,NA,NA,NA,NA,NA,NA,NA
"177",NA,"Fond du Lac, WI MSA",NA,NA,146700,NA,NA,NA,NA,NA,NA,NA,NA,NA,NA,NA,NA,NA
"178",NA,"Fort Collins, CO MSA",NA,NA,298100,1.4,0.69,0.75,1.08,0.94,1.25,0.99,0.6,0.89,0.95,0.9,0.89,0.07
"179",NA,"Fort Smith, AR-OK MSA",NA,NA,108400,NA,NA,NA,NA,NA,NA,NA,NA,NA,NA,NA,NA,NA
"180",NA,"Fort Wayne, IN MSA",NA,NA,123700,NA,NA,NA,NA,NA,NA,NA,NA,NA,NA,NA,NA,NA
"181",NA,"Fresno, CA MSA",NA,NA,220100,0.89,1.06,0.63,1.62,0.54,0.78,0.78,9.07,0.94,0.61,0.83,0.9,1.67
"182",NA,"Gadsden, AL MSA",NA,NA,99200,NA,NA,NA,NA,NA,NA,NA,NA,NA,NA,NA,NA,NA
"183",NA,"Gainesville, GA MSA",NA,NA,173600,0.91,1.08,0.58,1.87,0.4,0.82,2.64,0.23,0.58,0.64,0.85,1,1.7
"184",NA,"Gettysburg, PA MSA",NA,NA,193800,NA,NA,NA,NA,NA,NA,NA,NA,NA,NA,NA,NA,NA
"185",NA,"Glens Falls, NY MSA",NA,NA,163200,0.86,1.01,0.62,1.1,0.83,1.34,1.26,0.89,1.1,0.73,0.94,0.9,0.82
"186",NA,"Goldsboro, NC MSA",NA,NA,119600,NA,NA,NA,NA,NA,NA,NA,NA,NA,NA,NA,NA,NA
"187",NA,"Grand Forks, ND-MN MSA",NA,NA,177000,NA,NA,NA,NA,NA,NA,NA,NA,NA,NA,NA,NA,NA
"188",NA,"Grand Island, NE MSA",NA,NA,134200,NA,NA,NA,NA,NA,NA,NA,NA,NA,NA,NA,NA,NA
"189",NA,"Grand Junction, CO MSA",NA,NA,198800,1.42,1.08,0.9,1.08,0.57,1.13,0.54,3.27,0.93,0.65,0.98,1.13,0.38
"190",NA,"Grants Pass, OR MSA",NA,NA,232700,0.71,1.24,0.78,1.14,0.51,1.09,1.33,1.3,1.59,0.57,0.99,1.06,0.07
"191",NA,"Great Falls, MT MSA",NA,NA,168600,1.36,1.21,1,0.7,0.81,1.29,0.41,0.33,1.14,0.66,1.05,1.13,0.03
"192",NA,"Greeley, CO MSA",NA,NA,242700,2.04,0.6,0.76,2.24,0.33,0.77,1.42,7.89,0.73,0.7,0.74,0.92,0.06
"193",NA,"Green Bay, WI MSA",NA,NA,158600,NA,NA,NA,NA,NA,NA,NA,NA,NA,NA,NA,NA,NA
"194",NA,"Greensboro-High Point, NC MSA",NA,NA,144900,NA,NA,NA,NA,NA,NA,NA,NA,NA,NA,NA,NA,NA
"195",NA,"Greenville-Anderson-Mauldin, SC MSA",NA,NA,146400,NA,NA,NA,NA,NA,NA,NA,NA,NA,NA,NA,NA,NA
"196",NA,"Gulfport-Biloxi-Pascagoula, MS MSA",NA,NA,134200,NA,NA,NA,NA,NA,NA,NA,NA,NA,NA,NA,NA,NA
"197",NA,"Hagerstown-Martinsburg, MD-WV MSA",NA,NA,186900,NA,NA,NA,NA,NA,NA,NA,NA,NA,NA,NA,NA,NA
"198",NA,"Hammond, LA MSA",NA,NA,136700,0.54,0.98,0.61,0.61,0.46,1.13,0.67,0.42,1.12,0.41,0.96,1.38,0.22
"199",NA,"Hanford-Corcoran, CA MSA",NA,NA,183000,0.43,0.89,0.39,1.94,0.25,0.65,1.2,11.28,0.37,0.21,0.57,0.65,1.21
"200",NA,"Harrisburg-Carlisle, PA MSA",NA,NA,172600,NA,NA,NA,NA,NA,NA,NA,NA,NA,NA,NA,NA,NA
"201",NA,"Harrisonburg, VA MSA",NA,NA,198700,1.15,0.87,0.58,1.58,0.87,1.2,1.83,1.44,0.66,0.43,0.86,1.08,0.16
"202",NA,"Hattiesburg, MS MSA",NA,NA,136800,NA,NA,NA,NA,NA,NA,NA,NA,NA,NA,NA,NA,NA
"203",NA,"Hickory-Lenoir-Morganton, NC MSA",NA,NA,122000,NA,NA,NA,NA,NA,NA,NA,NA,NA,NA,NA,NA,NA
"204",NA,"Hilton Head Island-Bluffton-Beaufort, SC MSA",NA,NA,253500,NA,NA,NA,NA,NA,NA,NA,NA,NA,NA,NA,NA,NA
"205",NA,"Hinesville, GA MSA",NA,NA,114100,NA,NA,NA,NA,NA,NA,NA,NA,NA,NA,NA,NA,NA
"206",NA,"Homosassa Springs, FL MSA",NA,NA,115900,1.74,1.58,0.6,0.68,0.56,1.24,0.15,0.45,0.91,0.64,1.09,1.2,0.18
"207",NA,"Hot Springs, AR MSA",NA,NA,134500,NA,NA,NA,NA,NA,NA,NA,NA,NA,NA,NA,NA,NA
"208",NA,"Houma-Thibodaux, LA MSA",NA,NA,143800,1.14,0.7,0.8,1.6,0.31,0.81,1.15,5.9,0.68,0.62,0.91,1.47,0.02
"209",NA,"Huntington-Ashland, WV-KY-OH MSA",NA,NA,115700,NA,NA,NA,NA,NA,NA,NA,NA,NA,NA,NA,NA,NA
"210",NA,"Idaho Falls, ID MSA",NA,NA,165200,1.13,0.97,0.57,0.97,0.73,0.87,0.76,1.73,0.72,1.36,1.04,1.21,0
"211",NA,"Indianapolis-Carmel-Anderson, IN MSA",NA,NA,148000,NA,NA,NA,NA,NA,NA,NA,NA,NA,NA,NA,NA,NA
"212",NA,"Iowa City, IA MSA",NA,NA,186600,NA,NA,NA,NA,NA,NA,NA,NA,NA,NA,NA,NA,NA
"213",NA,"Ithaca, NY MSA",NA,NA,195100,0.41,2.79,0.6,0.69,0.45,0.82,0.77,1.12,1.06,0.48,1.11,0.64,0.85
"214",NA,"Jackson, MI MSA",NA,NA,127800,0.65,1.14,0.53,1.38,0.29,0.81,1.95,0.24,1.11,0.81,0.94,1.14,0.48
"215",NA,"Jackson, MS MSA",NA,NA,145300,NA,NA,NA,NA,NA,NA,NA,NA,NA,NA,NA,NA,NA
"216",NA,"Jackson, TN MSA",NA,NA,129200,NA,NA,NA,NA,NA,NA,NA,NA,NA,NA,NA,NA,NA
"217",NA,"Jacksonville, NC MSA",NA,NA,147400,NA,NA,NA,NA,NA,NA,NA,NA,NA,NA,NA,NA,NA
"218",NA,"Janesville-Beloit, WI MSA",NA,NA,133300,NA,NA,NA,NA,NA,NA,NA,NA,NA,NA,NA,NA,NA
"219",NA,"Jefferson City, MO MSA",NA,NA,151500,NA,NA,NA,NA,NA,NA,NA,NA,NA,NA,NA,NA,NA
"220",NA,"Johnson City, TN MSA",NA,NA,137800,NA,NA,NA,NA,NA,NA,NA,NA,NA,NA,NA,NA,NA
"221",NA,"Johnstown, PA MSA",NA,NA,89100,NA,NA,NA,NA,NA,NA,NA,NA,NA,NA,NA,NA,NA
"222",NA,"Jonesboro, AR MSA",NA,NA,122100,NA,NA,NA,NA,NA,NA,NA,NA,NA,NA,NA,NA,NA
"223",NA,"Joplin, MO MSA",NA,NA,123300,NA,NA,NA,NA,NA,NA,NA,NA,NA,NA,NA,NA,NA
"224",NA,"Kahului-Wailuku-Lahaina, HI MSA",NA,NA,569300,NA,NA,NA,NA,NA,NA,NA,NA,NA,NA,NA,NA,NA
"225",NA,"Kalamazoo-Portage, MI MSA",NA,NA,143400,0.85,1.06,1.06,1.43,0.33,1.03,1.7,1.62,0.99,0.78,0.94,0.95,0.35
"226",NA,"Kankakee, IL MSA",NA,NA,136300,0.6,1.32,0.76,1.15,0.52,0.82,1.51,0.67,0.88,0.48,0.96,1.22,0.78
"227",NA,"Kennewick-Richland, WA MSA",NA,NA,191700,NA,NA,NA,NA,NA,NA,NA,NA,NA,NA,NA,NA,NA
"228",NA,"Killeen-Temple, TX MSA",NA,NA,130000,1.16,1.07,0.88,0.76,0.56,0.96,0.62,0.3,0.91,0.5,0.88,1,0.1
"229",NA,"Kingsport-Bristol-Bristol, TN-VA MSA",NA,NA,122800,NA,NA,NA,NA,NA,NA,NA,NA,NA,NA,NA,NA,NA
"230",NA,"Kingston, NY MSA",NA,NA,216900,0.88,1.13,0.67,0.78,0.73,1.17,0.64,1.28,1.2,0.51,0.95,1.07,1.89
"231",NA,"Knoxville, TN MSA",NA,NA,158300,NA,NA,NA,NA,NA,NA,NA,NA,NA,NA,NA,NA,NA
"232",NA,"Kokomo, IN MSA",NA,NA,100800,0.54,0.94,0.52,2.24,0.28,1.01,3.47,0.16,0.86,0.48,0.78,0.87,0
"233",NA,"La Crosse-Onalaska, WI-MN MSA",NA,NA,159000,0.82,1.43,0.92,1.04,0.76,1.01,1.29,0.22,1.13,0.59,1.02,1.08,0
"234",NA,"Lafayette-West Lafayette, IN MSA",NA,NA,138300,NA,NA,NA,NA,NA,NA,NA,NA,NA,NA,NA,NA,NA
"235",NA,"Lafayette, LA MSA",NA,NA,147100,1.17,0.92,0.94,1.58,0.63,0.97,0.97,6.63,0.73,0.76,0.92,1.08,0.08
"236",NA,"Lake Charles, LA MSA",NA,NA,139700,NA,NA,NA,NA,NA,NA,NA,NA,NA,NA,NA,NA,NA
"237",NA,"Lake Havasu City-Kingman, AZ MSA",NA,NA,139400,1.02,1.21,0.63,0.79,0.73,1.37,0.71,0.52,1.06,0.49,1.03,1.23,1.66
"238",NA,"Lakeland-Winter Haven, FL MSA",NA,NA,123100,1.16,0.98,1.01,1.07,0.39,0.99,0.91,1.71,0.77,0.87,1.01,1.28,0.27
"239",NA,"Lancaster, PA MSA",NA,NA,197400,NA,NA,NA,NA,NA,NA,NA,NA,NA,NA,NA,NA,NA
"240",NA,"Lansing-East Lansing, MI MSA",NA,NA,138500,0.68,0.96,1.18,0.91,0.68,0.84,1.08,0.54,1.22,0.72,0.89,0.87,0.68
"241",NA,"Laredo, TX MSA",NA,NA,117600,0.41,1.03,0.7,0.36,0.32,1.01,0.08,1.86,0.55,0.58,1.03,1.63,0.02
"242",NA,"Las Cruces, NM MSA",NA,NA,146700,NA,NA,NA,NA,NA,NA,NA,NA,NA,NA,NA,NA,NA
"243",NA,"Las Vegas-Henderson-Paradise, NV MSA",NA,NA,217300,1.22,0.62,0.87,0.54,0.59,2.87,0.27,0.04,0.79,0.99,1.16,0.97,0.18
"244",NA,"Lawrence, KS MSA",NA,NA,179700,NA,NA,NA,NA,NA,NA,NA,NA,NA,NA,NA,NA,NA
"245",NA,"Lawton, OK MSA",NA,NA,118200,NA,NA,NA,NA,NA,NA,NA,NA,NA,NA,NA,NA,NA
"246",NA,"Lebanon, PA MSA",NA,NA,162700,NA,NA,NA,NA,NA,NA,NA,NA,NA,NA,NA,NA,NA
"247",NA,"Lewiston-Auburn, ME MSA",NA,NA,147500,1.05,1.51,0.76,1.09,0.55,0.68,1.19,0.61,0.72,1.03,1.05,1.09,0.01
"248",NA,"Lewiston, ID-WA MSA",NA,NA,178500,NA,NA,NA,NA,NA,NA,NA,NA,NA,NA,NA,NA,NA
"249",NA,"Lima, OH MSA",NA,NA,113500,0.79,1.37,0.47,1.46,0.62,0.94,2.01,0.22,1.16,0.66,0.95,0.99,0.02
"250",NA,"Little Rock-North Little Rock-Conway, AR MSA",NA,NA,149900,NA,NA,NA,NA,NA,NA,NA,NA,NA,NA,NA,NA,NA
"251",NA,"Logan, UT-ID MSA",NA,NA,200600,0.98,0.8,0.64,1.76,0.74,0.82,2.32,0.83,0.54,0.76,0.78,0.85,0.01
"252",NA,"Longview, TX MSA",NA,NA,123900,2.25,1.02,0.72,1.81,0.67,0.82,1.17,4.37,0.73,0.64,0.87,1.06,0.08
"253",NA,"Longview, WA MSA",NA,NA,187900,NA,NA,NA,NA,NA,NA,NA,NA,NA,NA,NA,NA,NA
"254",NA,"Lubbock, TX MSA",NA,NA,120700,NA,NA,NA,NA,NA,NA,NA,NA,NA,NA,NA,NA,NA
"255",NA,"Lynchburg, VA MSA",NA,NA,162900,NA,NA,NA,NA,NA,NA,NA,NA,NA,NA,NA,NA,NA
"256",NA,"Macon, GA MSA",NA,NA,112500,NA,NA,NA,NA,NA,NA,NA,NA,NA,NA,NA,NA,NA
"257",NA,"Madera, CA MSA",NA,NA,232800,0.68,1.08,0.32,2.33,0.41,0.62,0.88,16.56,0.61,0.42,0.65,0.61,1.9
"258",NA,"Manchester-Nashua, NH MSA",NA,NA,256200,0.77,1.15,1.13,1.09,1.32,0.86,1.42,0.08,1.11,1,1.05,1.05,0.06
"259",NA,"Manhattan, KS MSA",NA,NA,189300,NA,NA,NA,NA,NA,NA,NA,NA,NA,NA,NA,NA,NA
"260",NA,"Mankato-North Mankato, MN MSA",NA,NA,172400,NA,NA,NA,NA,NA,NA,NA,NA,NA,NA,NA,NA,NA
"261",NA,"Mansfield, OH MSA",NA,NA,102600,0.87,1.04,0.5,1.58,0.7,0.93,2.17,0.2,0.87,0.71,0.88,1,0.03
"262",NA,"McAllen-Edinburg-Mission, TX MSA",NA,NA,81700,0.6,1.72,0.64,0.52,0.45,0.86,0.31,1.55,0.52,0.45,0.99,1.14,0.16
"263",NA,"Medford, OR MSA",NA,NA,243500,0.91,1.16,0.68,1.09,0.8,1.16,1.03,2.03,1.3,0.6,1,1.17,0.04
"264",NA,"Memphis, TN-MS-AR MSA",NA,NA,139800,0.76,0.97,0.77,0.76,0.48,1,0.86,0.17,0.81,1.09,1.08,1.41,0.02
"265",NA,"Merced, CA MSA",NA,NA,210100,0.54,0.77,0.36,2.27,0.22,0.65,1.44,12.9,0.5,0.35,0.63,0.83,1.49
"266",NA,"Michigan City-La Porte, IN MSA",NA,NA,126000,NA,NA,NA,NA,NA,NA,NA,NA,NA,NA,NA,NA,NA
"267",NA,"Midland, MI MSA",NA,NA,138500,1.35,1.14,0.49,1.59,1.13,0.81,1.94,0.21,1.95,1.36,0.98,0.64,0.8
"268",NA,"Midland, TX MSA",NA,NA,195800,NA,NA,NA,NA,NA,NA,NA,NA,NA,NA,NA,NA,NA
"269",NA,"Milwaukee-Waukesha-West Allis, WI MSA",NA,NA,198600,0.75,1.24,1.12,1.24,0.87,0.86,1.68,0.12,1.11,1.06,1.02,0.91,0.03
"270",NA,"Mobile, AL MSA",NA,NA,120500,NA,NA,NA,NA,NA,NA,NA,NA,NA,NA,NA,NA,NA
"271",NA,"Modesto, CA MSA",NA,NA,243500,1.02,1.1,0.51,1.66,0.26,0.91,1.34,5.67,0.77,0.56,0.86,1.03,2.06
"272",NA,"Monroe, LA MSA",NA,NA,124100,NA,NA,NA,NA,NA,NA,NA,NA,NA,NA,NA,NA,NA
"273",NA,"Monroe, MI MSA",NA,NA,145800,1.09,0.9,0.42,1.32,0.31,1.02,1.5,0.95,0.9,0.75,0.97,1.42,0.37
"274",NA,"Montgomery, AL MSA",NA,NA,138000,NA,NA,NA,NA,NA,NA,NA,NA,NA,NA,NA,NA,NA
"275",NA,"Morgantown, WV MSA",NA,NA,163700,1.14,1.41,0.45,0.93,0.63,1.1,0.84,0.83,0.96,0.69,0.93,0.78,0.07
"276",NA,"Morristown, TN MSA",NA,NA,134000,NA,NA,NA,NA,NA,NA,NA,NA,NA,NA,NA,NA,NA
"277",NA,"Mount Vernon-Anacortes, WA MSA",NA,NA,255900,NA,NA,NA,NA,NA,NA,NA,NA,NA,NA,NA,NA,NA
"278",NA,"Muncie, IN MSA",NA,NA,94100,NA,NA,NA,NA,NA,NA,NA,NA,NA,NA,NA,NA,NA
"279",NA,"Muskegon, MI MSA",NA,NA,105400,0.67,1.17,0.47,1.73,0.6,1.01,2.47,0.63,0.92,0.45,0.9,1.11,0.39
"280",NA,"Myrtle Beach-Conway-North Myrtle Beach, SC-NC MSA",NA,NA,177300,NA,NA,NA,NA,NA,NA,NA,NA,NA,NA,NA,NA,NA
"281",NA,"Napa, CA MSA",NA,NA,555900,1.21,0.82,0.55,1.9,0.3,1.54,1.81,4.65,0.88,0.65,0.83,0.69,2.38
"282",NA,"Naples-Immokalee-Marco Island, FL MSA",NA,NA,315000,2.15,0.95,1.03,1.05,0.54,1.8,0.28,2.21,1.43,0.77,1.07,1,0.09
"283",NA,"New Bern, NC MSA",NA,NA,149500,NA,NA,NA,NA,NA,NA,NA,NA,NA,NA,NA,NA,NA
"284",NA,"New Haven-Milford, CT MSA",NA,NA,244400,0.8,1.74,0.81,0.83,0.64,0.8,0.96,0.19,1.25,0.8,1.06,0.96,0.12
"285",NA,"Niles-Benton Harbor, MI MSA",NA,NA,141200,0.6,0.95,0.6,1.75,0.37,1.08,2.41,1.38,0.94,0.73,0.86,0.88,0.74
"286",NA,"North Port-Sarasota-Bradenton, FL MSA",NA,NA,208100,1.56,1.19,0.92,1,0.63,1.41,0.66,1.3,1.14,0.92,1.08,1.02,0.28
"287",NA,"Norwich-New London, CT MSA",NA,NA,240900,0.66,1.04,0.4,1.1,0.42,1.1,1.4,0.66,0.95,0.49,0.83,0.94,0.1
"288",NA,"Ocala, FL MSA",NA,NA,120500,1.39,1.18,0.73,1.09,0.41,1.12,0.88,1.37,0.86,0.64,0.99,1.19,0.36
"289",NA,"Ocean City, NJ MSA",NA,NA,311800,1.11,0.77,0.73,0.52,0.28,2.53,0.24,0.39,1.13,0.4,1.03,0.97,3.54
"290",NA,"Odessa, TX MSA",NA,NA,126100,2.06,0.47,0.84,2.04,0.28,1,0.8,9.59,1.29,0.4,0.81,1.24,0.02
"291",NA,"Ogden-Clearfield, UT MSA",NA,NA,216200,NA,NA,NA,NA,NA,NA,NA,NA,NA,NA,NA,NA,NA
"292",NA,"Olympia-Tumwater, WA MSA",NA,NA,244800,0.89,0.94,0.63,0.6,0.44,0.83,0.35,1.14,1.07,0.69,0.82,0.87,0.01
"293",NA,"Omaha-Council Bluffs, NE-IA MSA",NA,NA,155200,NA,NA,NA,NA,NA,NA,NA,NA,NA,NA,NA,NA,NA
"294",NA,"Orlando-Kissimmee-Sanford, FL MSA",NA,NA,176100,1.16,0.83,1.12,0.64,1.04,1.98,0.41,0.34,0.95,1.14,1.15,1,0.3
"295",NA,"Oshkosh-Neenah, WI MSA",NA,NA,144200,NA,NA,NA,NA,NA,NA,NA,NA,NA,NA,NA,NA,NA
"296",NA,"Owensboro, KY MSA",NA,NA,115000,NA,NA,NA,NA,NA,NA,NA,NA,NA,NA,NA,NA,NA
"297",NA,"Oxnard-Thousand Oaks-Ventura, CA MSA",NA,NA,528700,0.97,0.86,0.99,1.52,0.81,1.04,1.08,6.01,0.84,0.78,0.91,0.96,2.6
"298",NA,"Palm Bay-Melbourne-Titusville, FL MSA",NA,NA,158800,1.21,1.12,0.62,1.1,0.55,1.2,1.21,0.09,1,0.98,0.99,0.94,0.16
"299",NA,"Panama City, FL MSA",NA,NA,164900,1.16,0.89,0.96,0.69,0.66,1.61,0.51,0.3,0.86,0.85,1.04,1.06,0.23
"300",NA,"Parkersburg-Vienna, WV MSA",NA,NA,109000,NA,NA,NA,NA,NA,NA,NA,NA,NA,NA,NA,NA,NA
"301",NA,"Pensacola-Ferry Pass-Brent, FL MSA",NA,NA,142700,1.29,1.11,1.26,0.67,0.7,1.22,0.42,0.23,0.95,0.91,1.05,1,0.36
"302",NA,"Peoria, IL MSA",NA,NA,137100,NA,NA,NA,NA,NA,NA,NA,NA,NA,NA,NA,NA,NA
"303",NA,"Pine Bluff, AR MSA",NA,NA,81900,NA,NA,NA,NA,NA,NA,NA,NA,NA,NA,NA,NA,NA
"304",NA,"Pittsfield, MA MSA",NA,NA,209400,NA,NA,NA,NA,NA,NA,NA,NA,NA,NA,NA,NA,NA
"305",NA,"Pocatello, ID MSA",NA,NA,151500,NA,NA,NA,NA,NA,NA,NA,NA,NA,NA,NA,NA,NA
"306",NA,"Port St. Lucie, FL MSA",NA,NA,165800,1.38,1.21,0.68,0.83,0.46,1.23,0.53,0.94,1.37,0.81,1.06,1.14,0.6
"307",NA,"Prescott, AZ MSA",NA,NA,216300,1.34,1.26,0.55,0.94,0.47,1.38,0.63,1.49,0.87,0.48,0.98,1.08,1.73
"308",NA,"Provo-Orem, UT MSA",NA,NA,251600,NA,NA,NA,NA,NA,NA,NA,NA,NA,NA,NA,NA,NA
"309",NA,"Pueblo, CO MSA",NA,NA,148000,1.21,1.31,0.51,0.91,0.57,1.03,0.87,0.22,0.75,0.84,0.95,0.92,0.05
"310",NA,"Punta Gorda, FL MSA",NA,NA,167300,1.63,1.32,0.75,0.7,0.49,1.39,0.2,0.82,1.09,0.67,1.09,1.23,0.06
"311",NA,"Racine, WI MSA",NA,NA,162000,NA,NA,NA,NA,NA,NA,NA,NA,NA,NA,NA,NA,NA
"312",NA,"Rapid City, SD MSA",NA,NA,170300,NA,NA,NA,NA,NA,NA,NA,NA,NA,NA,NA,NA,NA
"313",NA,"Reading, PA MSA",NA,NA,171100,NA,NA,NA,NA,NA,NA,NA,NA,NA,NA,NA,NA,NA
"314",NA,"Redding, CA MSA",NA,NA,238900,0.87,1.44,0.72,0.66,0.56,0.96,0.42,1.44,0.95,0.7,1,1.03,2.46
"315",NA,"Reno, NV MSA",NA,NA,268100,NA,NA,NA,NA,NA,NA,NA,NA,NA,NA,NA,NA,NA
"316",NA,"Riverside-San Bernardino-Ontario, CA MSA",NA,NA,299300,1.37,0.95,0.57,0.98,0.43,1.03,0.8,0.83,0.9,0.77,0.97,1.27,2.54
"317",NA,"Roanoke, VA MSA",NA,NA,172600,NA,NA,NA,NA,NA,NA,NA,NA,NA,NA,NA,NA,NA
"318",NA,"Rochester, MN MSA",NA,NA,173700,NA,NA,NA,NA,NA,NA,NA,NA,NA,NA,NA,NA,NA
"319",NA,"Rochester, NY MSA",NA,NA,138900,0.81,1.38,0.76,1.12,0.88,0.83,1.33,0.75,1.16,0.92,0.98,0.84,0.93
"320",NA,"Rockford, IL MSA",NA,NA,122700,0.7,1.06,0.64,1.72,0.51,0.87,2.5,0.19,1.1,0.75,0.91,1.03,0.35
"321",NA,"Rocky Mount, NC MSA",NA,NA,104700,NA,NA,NA,NA,NA,NA,NA,NA,NA,NA,NA,NA,NA
"322",NA,"Rome, GA MSA",NA,NA,120600,0.44,1.58,0.56,1.2,1.04,0.9,1.76,0.21,0.69,0.46,0.97,1.05,0.94
"323",NA,"Saginaw, MI MSA",NA,NA,93500,0.68,1.23,0.71,1.21,0.74,0.97,1.64,0.31,0.95,0.93,1,1.01,0.44
"324",NA,"Salem, OR MSA",NA,NA,205000,1.13,0.96,0.63,1.38,0.31,0.81,0.89,5.17,1.28,0.56,0.78,0.81,0.02
"325",NA,"Salinas, CA MSA",NA,NA,429100,0.61,0.64,0.39,2.32,0.36,1.16,0.34,20.03,0.84,0.49,0.7,0.73,1.49
"326",NA,"Salisbury, MD-DE MSA",NA,NA,218200,NA,NA,NA,NA,NA,NA,NA,NA,NA,NA,NA,NA,NA
"327",NA,"San Angelo, TX MSA",NA,NA,124000,NA,NA,NA,NA,NA,NA,NA,NA,NA,NA,NA,NA,NA
"328",NA,"San Luis Obispo-Paso Robles-Arroyo Grande, CA MSA",NA,NA,508200,1.23,0.79,0.64,1.1,0.63,1.41,0.69,3.14,1.51,0.79,0.95,0.94,2.95
"329",NA,"Santa Cruz-Watsonville, CA MSA",NA,NA,668300,0.78,1.08,0.63,1.23,0.42,1.24,0.74,5.73,1.27,0.69,0.93,0.87,3.1
"330",NA,"Santa Fe, NM MSA",NA,NA,286200,NA,NA,NA,NA,NA,NA,NA,NA,NA,NA,NA,NA,NA
"331",NA,"Santa Maria-Santa Barbara, CA MSA",NA,NA,547600,0.87,0.86,0.59,1.48,1.13,1.26,0.75,7.89,0.96,0.81,0.87,0.75,2.13
"332",NA,"Santa Rosa, CA MSA",NA,NA,512100,1.27,1.06,0.72,1.34,0.7,1.14,1.24,2.19,1.09,0.73,0.95,0.96,2.84
"333",NA,"Scranton--Wilkes-Barre--Hazleton, PA MSA",NA,NA,132900,NA,NA,NA,NA,NA,NA,NA,NA,NA,NA,NA,NA,NA
"334",NA,"Sebastian-Vero Beach, FL MSA",NA,NA,174000,1.45,1.29,0.93,0.96,0.59,1.41,0.46,2.51,1.41,0.69,1.08,1.07,0.18
"335",NA,"Sebring, FL MSA",NA,NA,92600,0.89,1.39,0.53,1.16,0.31,1.01,0.28,7.41,0.73,0.68,0.96,1.05,0.09
"336",NA,"Sheboygan, WI MSA",NA,NA,145000,NA,NA,NA,NA,NA,NA,NA,NA,NA,NA,NA,NA,NA
"337",NA,"Sherman-Denison, TX MSA",NA,NA,112300,1.24,1.38,1.15,1.28,0.49,1.02,1.39,0.76,0.72,0.46,0.95,0.96,0.1
"338",NA,"Shreveport-Bossier City, LA MSA",NA,NA,145300,NA,NA,NA,NA,NA,NA,NA,NA,NA,NA,NA,NA,NA
"339",NA,"Sierra Vista-Douglas, AZ MSA",NA,NA,146900,0.75,0.85,0.49,0.57,0.67,1.02,0.18,2.4,0.58,0.83,0.84,0.9,0.29
"340",NA,"Sioux City, IA-NE-SD MSA",NA,NA,121700,NA,NA,NA,NA,NA,NA,NA,NA,NA,NA,NA,NA,NA
"341",NA,"Sioux Falls, SD MSA",NA,NA,167900,NA,NA,NA,NA,NA,NA,NA,NA,NA,NA,NA,NA,NA
"342",NA,"South Bend-Mishawaka, IN-MI MSA",NA,NA,125900,0.81,1.58,0.7,1.19,0.63,0.96,1.53,0.26,1.04,0.68,1.02,0.98,0.25
"343",NA,"Spokane-Spokane Valley, WA MSA",NA,NA,192400,NA,NA,NA,NA,NA,NA,NA,NA,NA,NA,NA,NA,NA
"344",NA,"Springfield, IL MSA",NA,NA,134700,NA,NA,NA,NA,NA,NA,NA,NA,NA,NA,NA,NA,NA
"345",NA,"Springfield, MA MSA",NA,NA,217200,NA,NA,NA,NA,NA,NA,NA,NA,NA,NA,NA,NA,NA
"346",NA,"Springfield, MO MSA",NA,NA,137600,NA,NA,NA,NA,NA,NA,NA,NA,NA,NA,NA,NA,NA
"347",NA,"Springfield, OH MSA",NA,NA,102100,NA,NA,NA,NA,NA,NA,NA,NA,NA,NA,NA,NA,NA
"348",NA,"St. Cloud, MN MSA",NA,NA,168100,NA,NA,NA,NA,NA,NA,NA,NA,NA,NA,NA,NA,NA
"349",NA,"St. George, UT MSA",NA,NA,231400,1.97,1.13,0.7,1.01,0.68,1.4,0.63,0.33,0.85,0.57,1.02,1.21,0.03
"350",NA,"St. Joseph, MO-KS MSA",NA,NA,112900,NA,NA,NA,NA,NA,NA,NA,NA,NA,NA,NA,NA,NA
"351",NA,"State College, PA MSA",NA,NA,206600,NA,NA,NA,NA,NA,NA,NA,NA,NA,NA,NA,NA,NA
"352",NA,"Staunton-Waynesboro, VA MSA",NA,NA,186900,NA,NA,NA,NA,NA,NA,NA,NA,NA,NA,NA,NA,NA
"353",NA,"Stockton-Lodi, CA MSA",NA,NA,278400,0.95,0.99,0.56,1.31,0.43,0.78,0.9,5.01,0.89,0.59,0.91,1.29,1.74
"354",NA,"Sumter, SC MSA",NA,NA,100900,NA,NA,NA,NA,NA,NA,NA,NA,NA,NA,NA,NA,NA
"355",NA,"Syracuse, NY MSA",NA,NA,131500,0.85,1.18,0.91,0.85,0.72,0.92,0.93,0.37,1.11,0.76,1,1.1,0.83
"356",NA,"Tallahassee, FL MSA",NA,NA,160100,NA,NA,NA,NA,NA,NA,NA,NA,NA,NA,NA,NA,NA
"357",NA,"Terre Haute, IN MSA",NA,NA,87500,NA,NA,NA,NA,NA,NA,NA,NA,NA,NA,NA,NA,NA
"358",NA,"Texarkana, TX-AR MSA",NA,NA,97900,NA,NA,NA,NA,NA,NA,NA,NA,NA,NA,NA,NA,NA
"359",NA,"The Villages, FL MSA",NA,NA,243500,2.32,1.16,0.75,1.13,0.13,1.41,0.5,1.16,0.58,0.42,0.92,1.01,0.16
"360",NA,"Topeka, KS MSA",NA,NA,129200,NA,NA,NA,NA,NA,NA,NA,NA,NA,NA,NA,NA,NA
"361",NA,"Trenton, NJ MSA",NA,NA,283600,0.45,1.11,1.32,0.37,1,0.58,0.37,0.06,0.99,1.12,0.95,0.77,1.53
"362",NA,"Tucson, AZ MSA",NA,NA,165900,0.89,1.16,0.81,0.75,0.64,1.11,0.72,0.57,0.98,1,0.99,0.87,2.01
"363",NA,"Tyler, TX MSA",NA,NA,145500,0.86,1.46,0.84,0.9,1.13,0.98,0.7,2.28,1.13,0.6,1.04,1.13,0.08
"364",NA,"Utica-Rome, NY MSA",NA,NA,112200,0.53,1.38,0.99,0.82,0.7,0.81,1.06,0.32,0.91,0.47,0.9,0.89,0.79
"365",NA,"Valdosta, GA MSA",NA,NA,129800,NA,NA,NA,NA,NA,NA,NA,NA,NA,NA,NA,NA,NA
"366",NA,"Victoria, TX MSA",NA,NA,131400,NA,NA,NA,NA,NA,NA,NA,NA,NA,NA,NA,NA,NA
"367",NA,"Vineland-Bridgeton, NJ MSA",NA,NA,157300,0.93,1.11,0.39,1.64,0.4,0.57,1.63,4.03,0.81,0.42,0.8,1.1,1.76
"368",NA,"Visalia-Porterville, CA MSA",NA,NA,174300,0.66,0.55,0.46,2.41,0.32,0.65,0.88,17.41,0.61,0.44,0.64,0.93,1.7
"369",NA,"Waco, TX MSA",NA,NA,119300,1.27,1.04,0.96,1.41,0.49,0.93,1.66,0.34,0.83,0.72,0.9,0.94,0.09
"370",NA,"Walla Walla, WA MSA",NA,NA,193200,0.72,1.28,0.56,1.95,0.62,0.69,1.44,9.06,0.77,0.25,0.72,0.68,0.19
"371",NA,"Warner Robins, GA MSA",NA,NA,132800,NA,NA,NA,NA,NA,NA,NA,NA,NA,NA,NA,NA,NA
"372",NA,"Watertown-Fort Drum, NY MSA",NA,NA,155600,0.9,1.02,0.52,0.76,0.8,1.06,0.66,0.89,1.14,0.37,0.88,1.1,0.83
"373",NA,"Wausau, WI MSA",NA,NA,151500,NA,NA,NA,NA,NA,NA,NA,NA,NA,NA,NA,NA,NA
"374",NA,"Weirton-Steubenville, WV-OH MSA",NA,NA,88000,NA,NA,NA,NA,NA,NA,NA,NA,NA,NA,NA,NA,NA
"375",NA,"Wenatchee, WA MSA",NA,NA,248900,NA,NA,NA,NA,NA,NA,NA,NA,NA,NA,NA,NA,NA
"376",NA,"Wheeling, WV-OH MSA",NA,NA,103900,NA,NA,NA,NA,NA,NA,NA,NA,NA,NA,NA,NA,NA
"377",NA,"Wichita Falls, TX MSA",NA,NA,98300,NA,NA,NA,NA,NA,NA,NA,NA,NA,NA,NA,NA,NA
"378",NA,"Wichita, KS MSA",NA,NA,127800,NA,NA,NA,NA,NA,NA,NA,NA,NA,NA,NA,NA,NA
"379",NA,"Williamsport, PA MSA",NA,NA,147500,NA,NA,NA,NA,NA,NA,NA,NA,NA,NA,NA,NA,NA
"380",NA,"Wilmington, NC MSA",NA,NA,219400,NA,NA,NA,NA,NA,NA,NA,NA,NA,NA,NA,NA,NA
"381",NA,"Winchester, VA-WV MSA",NA,NA,223700,NA,NA,NA,NA,NA,NA,NA,NA,NA,NA,NA,NA,NA
"382",NA,"Winston-Salem, NC MSA",NA,NA,145100,NA,NA,NA,NA,NA,NA,NA,NA,NA,NA,NA,NA,NA
"383",NA,"Worcester, MA-CT MSA",NA,NA,247600,NA,NA,NA,NA,NA,NA,NA,NA,NA,NA,NA,NA,NA
"384",NA,"Yakima, WA MSA",NA,NA,163200,NA,NA,NA,NA,NA,NA,NA,NA,NA,NA,NA,NA,NA
"385",NA,"York-Hanover, PA MSA",NA,NA,168800,NA,NA,NA,NA,NA,NA,NA,NA,NA,NA,NA,NA,NA
"386",NA,"Youngstown-Warren-Boardman, OH-PA MSA",NA,NA,103000,0.84,1.27,0.59,1.25,0.44,1.03,1.61,0.35,0.95,0.69,0.98,1.12,0.04
"387",NA,"Yuba City, CA MSA",NA,NA,221700,0.86,1.04,0.54,1.34,0.38,0.88,0.55,7.74,0.63,0.48,0.81,0.97,2.17
"388",NA,"Yuma, AZ MSA",NA,NA,119400,0.77,0.72,0.48,1.84,0.39,0.8,0.38,14.23,0.58,0.72,0.72,0.82,0.67
"389","El Segundo, CA",NA,370,66,NA,NA,NA,NA,NA,NA,NA,NA,NA,NA,NA,NA,NA,NA
"390","Key Biscayne, FL",NA,0,94,NA,NA,NA,NA,NA,NA,NA,NA,NA,NA,NA,NA,NA,NA
"391","Compton, CA",NA,0,94,NA,NA,NA,NA,NA,NA,NA,NA,NA,NA,NA,NA,NA,NA
"392","Malibu, CA",NA,0,94,NA,NA,NA,NA,NA,NA,NA,NA,NA,NA,NA,NA,NA,NA
"393","Manhattan Beach, CA",NA,380,65,NA,NA,NA,NA,NA,NA,NA,NA,NA,NA,NA,NA,NA,NA
"394","Santa Clarita, CA",NA,405,62,NA,NA,NA,NA,NA,NA,NA,NA,NA,NA,NA,NA,NA,NA
"395","Evanston, IL",NA,0,94,NA,NA,NA,NA,NA,NA,NA,NA,NA,NA,NA,NA,NA,NA
"396","Falls Church, VA",NA,290,71,NA,NA,NA,NA,NA,NA,NA,NA,NA,NA,NA,NA,NA,NA
"397","Cary, NC",NA,45,92,NA,NA,NA,NA,NA,NA,NA,NA,NA,NA,NA,NA,NA,NA
"398","San Juan, PR",NA,0,94,NA,NA,NA,NA,NA,NA,NA,NA,NA,NA,NA,NA,NA,NA
"399","West Covina, CA",NA,395,63,NA,NA,NA,NA,NA,NA,NA,NA,NA,NA,NA,NA,NA,NA
"400","Fredericksburg, VA",NA,0,94,NA,NA,NA,NA,NA,NA,NA,NA,NA,NA,NA,NA,NA,NA
"401","Law Vegas, NV",NA,1790,1,NA,NA,NA,NA,NA,NA,NA,NA,NA,NA,NA,NA,NA,NA
"402","Glendale, CA",NA,680,42,NA,NA,NA,NA,NA,NA,NA,NA,NA,NA,NA,NA,NA,NA
"403","Bell, CA",NA,365,68,NA,NA,NA,NA,NA,NA,NA,NA,NA,NA,NA,NA,NA,NA
"404","Miami-Dade County, FL",NA,740,34,NA,NA,NA,NA,NA,NA,NA,NA,NA,NA,NA,NA,NA,NA
"405","Summit, NJ",NA,0,94,NA,NA,NA,NA,NA,NA,NA,NA,NA,NA,NA,NA,NA,NA
"406","Santa Monica, CA",NA,1560,7,NA,NA,NA,NA,NA,NA,NA,NA,NA,NA,NA,NA,NA,NA
"407","Culver City, CA",NA,700,40,NA,NA,NA,NA,NA,NA,NA,NA,NA,NA,NA,NA,NA,NA
"408","Deer Lodge, MT",NA,0,94,NA,NA,NA,NA,NA,NA,NA,NA,NA,NA,NA,NA,NA,NA
"409","Vernon, CA",NA,0,94,NA,NA,NA,NA,NA,NA,NA,NA,NA,NA,NA,NA,NA,NA
"410","St. Cloud, FL",NA,180,80,NA,NA,NA,NA,NA,NA,NA,NA,NA,NA,NA,NA,NA,NA
"411","Portsmouth, VA",NA,250,75,NA,NA,NA,NA,NA,NA,NA,NA,NA,NA,NA,NA,NA,NA
"412","Rolling Hills Estates, CA",NA,0,94,NA,NA,NA,NA,NA,NA,NA,NA,NA,NA,NA,NA,NA,NA
"413","Whittier, CA",NA,0,94,NA,NA,NA,NA,NA,NA,NA,NA,NA,NA,NA,NA,NA,NA
"414","Poquoson, VA",NA,0,94,NA,NA,NA,NA,NA,NA,NA,NA,NA,NA,NA,NA,NA,NA
"415","Burbank, CA",NA,100,85,NA,NA,NA,NA,NA,NA,NA,NA,NA,NA,NA,NA,NA,NA
"416","Calabasas, CA",NA,370,66,NA,NA,NA,NA,NA,NA,NA,NA,NA,NA,NA,NA,NA,NA
"417","West Hollywood, CA",NA,700,40,NA,NA,NA,NA,NA,NA,NA,NA,NA,NA,NA,NA,NA,NA
"418","Chesapeake, VA",NA,305,70,NA,NA,NA,NA,NA,NA,NA,NA,NA,NA,NA,NA,NA,NA
"419","New York City, NY",NA,1650,6,NA,NA,NA,NA,NA,NA,NA,NA,NA,NA,NA,NA,NA,NA
"420","Suffolk, VA",NA,60,90,NA,NA,NA,NA,NA,NA,NA,NA,NA,NA,NA,NA,NA,NA
"421","Smithfield, VA",NA,0,94,NA,NA,NA,NA,NA,NA,NA,NA,NA,NA,NA,NA,NA,NA
"422","Williamsburg, VA",NA,100,85,NA,NA,NA,NA,NA,NA,NA,NA,NA,NA,NA,NA,NA,NA
"423","Pasadena, CA",NA,640,45,NA,NA,NA,NA,NA,NA,NA,NA,NA,NA,NA,NA,NA,NA
"424","Denton, TX",NA,485,59,NA,NA,NA,NA,NA,NA,NA,NA,NA,NA,NA,NA,NA,NA
"425","Palo Alto, CA",NA,0,94,NA,NA,NA,NA,NA,NA,NA,NA,NA,NA,NA,NA,NA,NA
"426","Hampton, VA",NA,130,84,NA,NA,NA,NA,NA,NA,NA,NA,NA,NA,NA,NA,NA,NA
"427","West Sacramento, CA",NA,0,94,NA,NA,NA,NA,NA,NA,NA,NA,NA,NA,NA,NA,NA,NA
"428","Princeton, NJ",NA,0,94,NA,NA,NA,NA,NA,NA,NA,NA,NA,NA,NA,NA,NA,NA
