"","area_fips","area_title","construction_lq","ed.health_lq","finance_lq","goods_lq","info_lq","leis.hosp_lq","manufacturing_lq","mining_lq","other.serv_lq","pro.bus_lq","pub.admin_lq","service_lq","trade.trans.util_lq","unclassified_lq"
"1","C1018","Abilene, TX MSA",1.21,1.24,0.92,0.86,0.9,1.1,0.5,1.98,0.99,0.58,NA,0.98,1.03,0.1
"2","C1038","Aguadilla-Isabela, PR MSA",0.51,0.71,0.49,1.28,0.47,0.76,1.34,3.38,0.29,0.5,NA,0.71,0.99,NA
"3","C1042","Akron, OH MSA",0.81,1.11,0.73,1.11,0.64,0.94,1.43,0.14,1.01,1.12,NA,1.02,1.05,0.1
"4","C1050","Albany, GA MSA",NA,1.04,0.6,0.91,0.68,0.91,NA,1.25,1.01,NA,NA,0.94,1.03,NA
"5","C1054","Albany, OR MSA",1.23,0.83,0.52,1.89,0.41,0.71,1.9,3.95,1.34,0.52,NA,0.8,1.06,0.07
"6","C1058","Albany-Schenectady-Troy, NY MSA",0.92,1.22,1.03,0.7,0.96,0.82,0.66,0.27,1.18,0.85,NA,0.96,0.88,0.98
"7","C1074","Albuquerque, NM MSA",1.18,1.04,NA,0.68,NA,1.07,0.51,0.15,0.84,1.09,NA,0.99,0.9,NA
"8","C1078","Alexandria, LA MSA",1.17,1.34,0.6,0.99,NA,0.82,0.93,0.79,NA,0.69,NA,0.91,0.94,0.07
"9","C1090","Allentown-Bethlehem-Easton, PA-NJ MSA",0.74,1.33,0.72,0.97,0.84,0.95,1.2,0.29,0.94,0.94,NA,1.06,1.15,0.28
"10","C1102","Altoona, PA MSA",0.95,1.36,0.47,1.21,0.73,0.85,1.46,0.53,1.15,0.6,NA,0.99,1.21,NA
"11","C1110","Amarillo, TX MSA",1.18,NA,0.95,1.2,NA,NA,1.27,0.9,1.02,0.58,NA,0.93,1.13,NA
"12","C1118","Ames, IA MSA",1.11,0.6,0.57,1.09,0.65,1.02,1.11,0.95,0.7,0.79,NA,0.76,0.78,NA
"13","C1126","Anchorage, AK MSA",1.28,1.08,0.78,0.65,1.29,1.04,0.16,1.62,1.1,0.84,NA,1.03,1.15,0.5
"14","C1130","Anderson, IN MSA",NA,NA,NA,NA,NA,NA,NA,NA,NA,NA,NA,NA,NA,NA
"15","C1134","Anderson, SC MSA",NA,NA,NA,NA,NA,NA,NA,NA,NA,NA,NA,NA,NA,NA
"16","C1146","Ann Arbor, MI MSA",0.39,0.84,0.58,0.6,1.13,0.74,0.8,0.08,0.78,0.93,NA,0.77,0.64,0.56
"17","C1150","Anniston-Oxford-Jacksonville, AL MSA",0.39,0.73,0.55,1.06,0.61,1.02,1.54,0.26,0.71,0.67,NA,0.82,1.02,NA
"18","C1154","Appleton, WI MSA",1.3,0.79,1.05,1.83,0.64,0.93,2.28,0.78,1.17,0.78,NA,0.9,1.01,NA
"19","C1164","Arecibo, PR MSA",0.53,1.05,0.58,1.03,NA,0.61,1.08,2.27,NA,0.28,NA,0.75,1.06,NA
"20","C1170","Asheville, NC MSA",0.93,1.27,0.57,1.08,0.51,1.36,1.25,0.58,1.01,0.71,NA,1.01,1,NA
"21","C1202","Athens-Clarke County, GA MSA",0.6,0.99,0.77,0.78,0.37,1.12,0.93,0.46,NA,0.61,NA,0.88,0.94,NA
"22","C1206","Atlanta-Sandy Springs-Roswell, GA MSA",NA,0.82,1.1,0.73,1.71,1.01,0.73,NA,0.83,1.27,NA,1.09,1.18,2.18
"23","C1210","Atlantic City-Hammonton, NJ MSA",0.9,1,0.52,0.48,0.31,2.78,0.19,0.97,0.96,0.53,NA,1.09,0.89,0.34
"24","C1222","Auburn-Opelika, AL MSA",0.66,0.44,0.6,1.07,0.44,1.26,1.39,0.46,0.59,0.88,NA,0.81,0.95,NA
"25","C1226","Augusta-Richmond County, GA-SC MSA",1.1,0.92,0.57,1.04,0.68,1.04,1.08,0.62,0.82,1.03,NA,0.93,0.94,0.69
"26","C1242","Austin-Round Rock, TX MSA",1.18,0.76,1.03,0.83,1.42,1.15,0.71,0.39,1.15,1.19,NA,1,0.9,0.2
"27","C1254","Bakersfield, CA MSA",1.14,0.69,0.48,2.17,0.43,0.73,0.51,15.63,0.67,0.59,NA,0.7,0.84,1.66
"28","C1258","Baltimore-Columbia-Towson, MD MSA",1.21,1.24,0.99,0.67,0.62,0.96,0.47,0.11,1.05,1.14,NA,1.05,0.94,NA
"29","C1262","Bangor, ME MSA",0.92,1.49,0.57,0.65,0.79,0.93,0.47,0.88,0.85,0.69,NA,1.04,1.2,NA
"30","C1270","Barnstable Town, MA MSA",1.23,1.22,0.66,0.56,0.76,1.8,0.27,0.23,1.25,0.62,NA,1.09,1.07,NA
"31","C1294","Baton Rouge, LA MSA",2.78,0.88,0.78,1.41,0.83,0.92,0.86,0.32,NA,0.87,NA,0.88,0.92,NA
"32","C1298","Battle Creek, MI MSA",0.62,1.2,0.37,1.63,0.4,0.75,2.37,0.37,0.83,0.7,NA,0.82,0.83,0.57
"33","C1302","Bay City, MI MSA",0.64,1.26,0.61,1.03,0.7,1.1,1.34,0.35,1.16,0.63,NA,0.99,1.12,0.48
"34","C1314","Beaumont-Port Arthur, TX MSA",2.32,0.9,NA,1.75,NA,0.89,1.63,0.61,NA,0.62,NA,0.85,1.04,0.08
"35","C1322","Beckley, WV MSA",0.67,1.32,0.48,0.77,0.62,1.18,0.32,3.9,1.1,0.58,NA,0.98,1.08,0.05
"36","C1338","Bellingham, WA MSA",1.44,0.93,0.64,1.48,0.75,1.07,1.2,3.29,0.95,0.64,NA,0.87,0.96,NA
"37","C1346","Bend-Redmond, OR MSA",1.54,1.07,0.82,0.98,1.16,1.45,0.76,0.51,1.29,0.8,NA,1.05,1,0.06
"38","C1374","Billings, MT MSA",NA,1.1,NA,0.84,0.81,1.29,NA,0.84,NA,NA,NA,1.09,1.29,0.09
"39","C1378","Binghamton, NY MSA",0.81,1.08,0.62,1.05,0.87,0.93,1.31,0.26,1.18,0.65,NA,0.91,1,0.79
"40","C1382","Birmingham-Hoover, AL MSA",1.06,0.93,1.47,0.91,NA,0.94,0.9,0.48,0.91,NA,NA,1.01,1.12,NA
"41","C1390","Bismarck, ND MSA",1.45,1.24,NA,0.7,0.63,0.87,NA,NA,1.21,NA,NA,0.99,1.05,NA
"42","C1398","Blacksburg-Christiansburg-Radford, VA MSA",0.63,0.69,0.54,1.39,NA,1.01,1.94,0.44,0.77,0.61,NA,0.74,0.79,NA
"43","C1401","Bloomington, IL MSA",0.68,0.78,3.83,0.61,0.42,1.15,0.58,0.52,1.05,0.74,NA,1.1,0.86,0.26
"44","C1402","Bloomington, IN MSA",0.79,0.92,0.71,1.15,NA,1.17,1.47,0.33,NA,0.44,NA,0.82,0.81,NA
"45","C1406","Bloomington-Normal, IL MSA",NA,NA,NA,NA,NA,NA,NA,NA,NA,NA,NA,NA,NA,NA
"46","C1410","Bloomsburg-Berwick, PA MSA",0.56,1.8,0.85,1.17,NA,0.81,1.59,0.55,NA,0.72,NA,1,0.82,NA
"47","C1426","Boise City, ID MSA",1.28,1.02,NA,1.13,NA,0.92,1,1.43,0.87,0.98,NA,0.97,1.04,0
"48","C1446","Boston-Cambridge-Newton, MA-NH MSA",NA,1.37,1.24,0.74,1.54,0.93,NA,NA,1.09,1.25,NA,1.11,0.82,0
"49","C1450","Boulder, CO MSA",0.63,0.89,0.7,0.91,2.32,1.07,1.16,0.3,0.95,1.4,NA,1,0.73,0.13
"50","C1454","Bowling Green, KY MSA",NA,0.93,0.69,1.39,NA,1.08,NA,0.27,NA,NA,NA,0.9,0.99,0.13
"51","C1474","Bremerton-Silverdale, WA MSA",0.97,1.03,0.54,0.5,0.76,0.95,0.3,0.2,0.85,0.56,NA,0.8,0.79,NA
"52","C1486","Bridgeport-Stamford-Norwalk, CT MSA",0.65,1.16,1.7,0.75,1.51,0.92,0.91,0.07,1.39,1.13,NA,1.11,0.92,0.23
"53","C1498","Bristol, VA MSA",NA,NA,NA,NA,NA,NA,NA,NA,NA,NA,NA,NA,NA,NA
"54","C1518","Brownsville-Harlingen, TX MSA",0.48,1.75,0.65,0.48,0.44,0.99,0.49,0.37,0.54,0.58,NA,1.01,1.01,0.23
"55","C1526","Brunswick, GA MSA",0.79,0.52,0.52,0.65,0.55,2.02,NA,NA,0.94,0.58,NA,0.94,1.08,1.8
"56","C1538","Buffalo-Cheektowaga-Niagara Falls, NY MSA",0.81,1.09,1.1,0.93,0.67,1.01,1.1,0.24,1.2,0.92,NA,1.01,0.98,1.08
"57","C1550","Burlington, NC MSA",0.93,1.32,0.56,1.34,0.41,1.14,1.75,0.13,0.76,0.68,NA,0.98,1.06,NA
"58","C1554","Burlington-South Burlington, VT MSA",1.03,NA,0.68,1.09,NA,0.91,1.22,0.46,0.94,0.83,NA,0.94,0.97,NA
"59","C1568","California-Lexington Park, MD MSA",0.9,0.68,0.31,0.35,0.2,0.8,0.1,0.12,0.73,1.61,NA,0.88,0.83,NA
"60","C1594","Canton-Massillon, OH MSA",0.96,1.25,0.8,1.5,0.49,1.05,1.93,0.59,1.11,0.58,NA,0.94,0.98,0.06
"61","C1598","Cape Coral-Fort Myers, FL MSA",1.99,0.74,0.87,0.86,0.65,1.54,0.26,0.98,1.05,0.9,NA,1.02,1.11,0.1
"62","C1602","Cape Girardeau, MO-IL MSA",NA,1.49,0.61,0.96,NA,1.04,1.1,NA,NA,0.59,NA,1.02,1.15,0
"63","C1606","Carbondale-Marion, IL MSA",0.8,1.11,0.88,0.89,0.77,1.01,0.81,1.67,0.66,0.5,NA,0.87,0.91,0.26
"64","C1618","Carson City, NV MSA",0.78,0.9,0.68,0.88,0.42,1.15,1.06,0.12,0.72,0.48,NA,0.77,0.74,0.17
"65","C1622","Casper, WY MSA",1.74,0.97,0.86,1.41,0.52,1.04,0.45,6.24,1.23,0.52,NA,0.93,1.17,NA
"66","C1630","Cedar Rapids, IA MSA",1.18,0.89,1.36,1.36,1.61,0.79,1.61,0.33,0.98,0.69,NA,0.98,1.19,NA
"67","C1654","Chambersburg-Waynesboro, PA MSA",0.7,1.06,0.41,1.44,0.32,0.81,1.86,1.22,1.03,0.66,NA,0.93,1.32,NA
"68","C1658","Champaign-Urbana, IL MSA",0.72,0.96,0.76,0.83,NA,1.07,0.95,0.42,0.72,0.54,NA,0.85,0.88,NA
"69","C1662","Charleston, WV MSA",NA,1.25,NA,0.71,0.81,NA,NA,2.33,1.05,0.87,NA,0.97,0.92,0.04
"70","C1670","Charleston-North Charleston, SC MSA",1.13,0.73,0.76,0.91,0.82,1.29,0.92,0.11,0.92,1.04,NA,0.96,1,NA
"71","C1674","Charlotte-Concord-Gastonia, NC-SC MSA",1.1,0.67,NA,1.01,NA,1.05,1.09,0.24,0.8,1.21,NA,1.03,1.09,NA
"72","C1682","Charlottesville, VA MSA",1.05,0.79,0.69,0.66,NA,1.12,0.43,0.88,1.33,0.92,NA,0.86,0.68,NA
"73","C1686","Chattanooga, TN-GA MSA",NA,0.89,1.04,1.21,0.64,1.05,1.56,NA,0.96,0.83,NA,0.96,1.08,0.22
"74","C1694","Cheyenne, WY MSA",1.58,0.61,0.88,0.8,1.29,0.97,0.33,1.21,0.87,0.51,NA,0.83,1.12,NA
"75","C1698","Chicago-Naperville-Elgin, IL-IN-WI MSA",0.78,1.03,1.13,0.88,NA,0.94,1.06,0.11,NA,1.24,NA,1.07,1.06,0.77
"76","C1702","Chico, CA MSA",0.89,1.48,0.78,0.9,0.67,0.97,0.6,2.78,1.45,0.5,NA,0.97,0.91,2.07
"77","C1714","Cincinnati, OH-KY-IN MSA",0.88,1.03,1.1,1.04,0.65,NA,NA,NA,NA,NA,NA,1.04,1.03,0.1
"78","C1730","Clarksville, TN-KY MSA",0.69,0.88,0.65,1.08,0.69,1.16,1.38,0.5,0.71,0.7,NA,0.89,1,0.07
"79","C1742","Cleveland, TN MSA",0.92,0.84,0.56,1.77,0.33,0.97,2.41,0.58,0.83,0.95,NA,0.88,0.97,NA
"80","C1746","Cleveland-Elyria, OH MSA",0.74,1.26,1.06,1.09,0.69,0.92,1.41,0.22,0.95,1,NA,1.01,0.92,0.15
"81","C1766","Coeur d'Alene, ID MSA",1.51,0.85,0.9,1.09,0.49,1.36,0.97,0.47,0.76,0.71,NA,0.93,1.01,0
"82","C1778","College Station-Bryan, TX MSA",1.02,0.67,0.64,0.87,0.62,1.24,0.58,2.17,0.78,0.52,NA,0.76,0.78,0.09
"83","C1782","Colorado Springs, CO MSA",1.19,0.88,1.09,0.69,1.26,1.23,NA,NA,1.29,1.16,NA,1.02,0.83,0.1
"84","C1786","Columbia, MO MSA",0.81,0.87,0.95,0.56,0.72,1.1,0.5,0.15,0.78,0.85,NA,0.9,0.9,0
"85","C1790","Columbia, SC MSA",0.81,0.78,NA,0.88,NA,0.93,0.97,0.61,0.93,0.87,NA,0.92,0.98,NA
"86","C1798","Columbus, GA-AL MSA",0.73,0.88,NA,0.85,0.6,1.17,NA,NA,0.86,0.74,NA,0.96,0.82,NA
"87","C1802","Columbus, IN MSA",0.67,0.51,0.5,2.85,0.43,0.76,4.44,0.12,0.5,0.73,NA,0.66,0.77,NA
"88","C1814","Columbus, OH MSA",0.74,0.98,1.28,0.74,NA,0.96,0.83,0.24,NA,1.22,NA,1.05,1.01,0.14
"89","C1858","Corpus Christi, TX MSA",2.04,1.02,0.78,1.2,0.54,1.27,0.56,2.42,0.96,0.62,NA,0.93,0.98,0.09
"90","C1870","Corvallis, OR MSA",0.55,1.1,0.5,0.91,0.82,1,0.92,2.02,1.44,0.83,NA,0.86,0.64,0
"91","C1888","Crestview-Fort Walton Beach-Destin, FL MSA",1.2,0.72,1.05,0.61,0.45,1.84,0.38,0.07,1.11,0.91,NA,1.03,0.97,0.37
"92","C1906","Cumberland, MD-WV MSA",0.73,1.39,0.54,1.03,1.24,1.05,1.32,0.26,0.9,0.42,NA,0.91,0.89,0.06
"93","C1910","Dallas-Fort Worth-Arlington, TX MSA",1.12,0.8,1.44,0.95,1.21,0.98,0.91,0.67,0.87,1.16,NA,1.05,1.12,0.2
"94","C1914","Dalton, GA MSA",0.39,0.57,0.31,2.51,NA,0.59,3.98,0.27,0.46,0.63,NA,0.75,1.3,NA
"95","C1918","Danville, IL MSA",0.45,0.57,0.78,1.47,0.41,0.78,2.15,0.49,0.91,0.51,NA,0.83,1.36,0.27
"96","C1930","Daphne-Fairhope-Foley, AL MSA",1.06,0.89,0.97,0.81,0.25,1.86,0.68,0.75,0.93,0.52,NA,1.07,1.31,NA
"97","C1934","Davenport-Moline-Rock Island, IA-IL MSA",1.11,0.97,0.69,1.26,0.63,0.92,1.49,0.3,1.15,0.96,NA,0.97,1.08,0.2
"98","C1938","Dayton, OH MSA",0.7,1.24,0.81,0.98,1.12,0.97,1.26,0.13,0.89,0.93,NA,0.99,0.93,0.08
"99","C1946","Decatur, AL MSA",1.28,0.65,0.66,2.01,NA,0.92,2.65,0.41,NA,0.71,NA,0.78,0.97,NA
"100","C1950","Decatur, IL MSA",1.39,1.12,0.67,1.82,0.6,0.94,2.32,0.15,0.94,0.43,NA,0.89,1.1,0.61
"101","C1966","Deltona-Daytona Beach-Ormond Beach, FL MSA",1.3,1.3,0.82,0.86,0.68,1.47,0.67,0.61,1.07,0.77,NA,1.07,1,0.39
"102","C1974","Denver-Aurora-Lakewood, CO MSA",1.3,0.84,1.28,0.81,1.68,1.04,0.56,0.73,0.99,1.3,NA,1.06,0.97,0.06
"103","C1978","Des Moines-West Des Moines, IA MSA",1.11,0.88,2.77,0.76,0.97,0.87,0.66,0.28,1.1,0.95,NA,1.09,1.01,NA
"104","C1982","Detroit-Warren-Dearborn, MI MSA",0.74,1.05,0.92,1.1,0.68,0.93,1.45,0.11,1,1.4,NA,1.06,0.98,0.97
"105","C2002","Dothan, AL MSA",0.97,0.97,0.62,0.93,NA,0.97,0.9,1.01,NA,0.52,NA,0.96,1.46,NA
"106","C2010","Dover, DE MSA",0.86,0.99,0.44,NA,0.3,1.17,0.84,NA,0.83,0.45,NA,0.85,1.03,NA
"107","C2022","Dubuque, IA MSA",0.93,1.21,1.28,1.39,0.77,0.95,1.82,0.24,0.95,0.7,NA,1.02,1.11,NA
"108","C2026","Duluth, MN-WI MSA",1,1.55,0.75,0.89,0.56,1.02,0.66,1.87,1.14,0.45,NA,0.98,0.99,NA
"109","C2050","Durham-Chapel Hill, NC MSA",0.55,1.41,0.86,0.9,0.8,0.86,1.18,0.26,0.9,0.98,NA,0.95,0.67,NA
"110","C2070","East Stroudsburg, PA MSA",0.63,0.88,0.51,0.82,0.25,1.89,1.02,0.19,1.1,0.41,NA,0.98,1.18,NA
"111","C2074","Eau Claire, WI MSA",0.89,1.26,0.78,1.21,0.59,0.92,1.48,0.64,0.95,0.78,NA,0.99,1.09,NA
"112","C2094","El Centro, CA MSA",0.73,0.88,0.36,1.76,0.25,0.6,0.21,14.6,0.41,0.27,NA,0.66,0.98,1.27
"113","C2106","Elizabethtown-Fort Knox, KY MSA",0.72,0.6,0.7,1.22,NA,0.93,1.64,0.32,NA,0.79,NA,0.78,0.83,0.09
"114","C2114","Elkhart-Goshen, IN MSA",0.53,0.59,0.38,3.46,0.2,0.55,5.54,0.15,0.62,0.54,NA,0.59,0.77,0
"115","C2130","Elmira, NY MSA",0.77,1.25,0.69,1.29,0.55,0.85,1.66,0.67,0.97,0.46,NA,0.92,1.15,0.3
"116","C2134","El Paso, TX MSA",NA,0.94,0.72,0.74,NA,1.05,NA,0.29,0.75,NA,NA,0.95,1.13,0.12
"117","C2150","Erie, PA MSA",0.66,1.41,0.84,1.43,0.43,1.05,2.02,0.28,1.23,0.53,NA,0.96,0.91,NA
"118","C2166","Eugene, OR MSA",0.88,1.08,0.77,0.97,1.11,1.02,1.02,1.02,1.36,0.77,NA,0.98,1.04,0.05
"119","C2178","Evansville, IN-KY MSA",1.41,1.17,0.56,1.5,0.54,0.96,1.73,0.42,1.13,0.83,NA,0.96,1.03,0
"120","C2182","Fairbanks, AK MSA",1.88,0.93,0.6,0.84,0.66,1.06,0.18,1.54,0.79,0.44,NA,0.86,1.12,0.6
"121","C2194","Fajardo, PR MSA",NA,NA,NA,NA,NA,NA,NA,NA,NA,NA,NA,NA,NA,NA
"122","C2202","Fargo, ND-MN MSA",1.49,1.03,1.38,0.99,1.18,0.96,0.84,0.34,1.04,0.84,NA,1.05,1.16,NA
"123","C2214","Farmington, NM MSA",1.64,0.92,0.52,1.52,0.21,0.91,0.28,8.74,0.82,0.34,NA,0.79,1.07,NA
"124","C2218","Fayetteville, NC MSA",0.78,0.79,0.53,0.68,0.56,1.11,0.7,0.2,0.8,0.69,NA,0.84,0.99,NA
"125","C2222","Fayetteville-Springdale-Rogers, AR-MO MSA",NA,0.75,0.54,1.15,0.45,0.98,1.4,NA,0.56,1.41,NA,1.01,1.21,NA
"126","C2238","Flagstaff, AZ MSA",0.75,1.01,0.38,0.74,0.38,2.02,0.81,0.24,0.69,0.38,NA,0.91,0.85,0.62
"127","C2242","Flint, MI MSA",0.71,1.34,0.73,0.84,1.46,1.02,1.02,0.12,0.97,0.79,NA,1.05,1.11,0.77
"128","C2246","Florence, AL MSA",NA,NA,NA,NA,NA,NA,NA,NA,NA,NA,NA,NA,NA,NA
"129","C2250","Florence, SC MSA",0.63,0.96,0.79,1.01,0.54,1.01,1.31,0.35,0.95,0.7,NA,0.93,1.13,NA
"130","C2252","Florence-Muscle Shoals, AL MSA",1.09,0.82,0.77,1.6,0.39,1.07,2.05,0.45,0.71,0.48,NA,0.84,1.07,NA
"131","C2254","Fond du Lac, WI MSA",1.16,0.98,0.66,2.06,1.07,0.84,2.63,1.5,0.95,0.41,NA,0.82,0.98,NA
"132","C2266","Fort Collins, CO MSA",1.4,0.69,0.75,1.08,0.94,1.25,0.99,0.6,0.89,0.95,NA,0.9,0.89,0.07
"133","C2290","Fort Smith, AR-OK MSA",0.82,0.96,0.61,1.51,0.55,0.81,1.88,1.45,0.6,0.73,NA,0.88,1.13,NA
"134","C2302","Fort Walton Beach-Crestview-Destin, FL MSA",NA,NA,NA,NA,NA,NA,NA,NA,NA,NA,NA,NA,NA,NA
"135","C2306","Fort Wayne, IN MSA",1,1.21,0.95,1.48,NA,0.93,1.95,0.19,NA,0.69,NA,0.97,1.06,0
"136","C2342","Fresno, CA MSA",0.89,1.06,0.63,1.62,0.54,0.78,0.78,9.07,0.94,0.61,NA,0.83,0.9,1.67
"137","C2346","Gadsden, AL MSA",0.63,1.38,0.64,1.23,0.45,1,1.73,0.12,0.69,0.76,NA,0.96,0.94,NA
"138","C2354","Gainesville, FL MSA",0.79,1.23,0.86,0.56,0.58,1.05,0.39,0.8,0.85,0.68,NA,0.9,0.78,0.1
"139","C2358","Gainesville, GA MSA",0.91,1.08,0.58,1.87,0.4,0.82,2.64,0.23,0.58,0.64,NA,0.85,1,1.7
"140","C2390","Gettysburg, PA MSA",0.85,1.15,0.39,1.98,0.4,1.26,2.25,4,1.08,0.41,NA,0.84,0.83,NA
"141","C2402","Glens Falls, NY MSA",0.86,1.01,0.62,1.1,0.83,1.34,1.26,0.89,1.1,0.73,NA,0.94,0.9,0.82
"142","C2414","Goldsboro, NC MSA",0.8,1.09,0.53,1.38,0.52,0.86,1.55,2.22,0.79,0.4,NA,0.83,1.07,NA
"143","C2422","Grand Forks, ND-MN MSA",1.26,1.17,0.58,1.02,0.57,1.06,0.81,1.49,0.99,0.39,NA,0.92,1.17,NA
"144","C2426","Grand Island, NE MSA",1.1,0.73,0.76,1.73,0.52,0.83,2.15,1.16,0.94,0.51,NA,0.83,1.2,NA
"145","C2430","Grand Junction, CO MSA",1.42,1.08,0.9,1.08,0.57,1.13,0.54,3.27,0.93,0.65,NA,0.98,1.13,0.38
"146","C2434","Grand Rapids-Wyoming, MI MSA",0.84,1.04,0.75,1.77,0.47,0.81,2.38,0.97,1,1.06,NA,0.94,0.92,0.59
"147","C2442","Grants Pass, OR MSA",0.71,1.24,0.78,1.14,0.51,1.09,1.33,1.3,1.59,0.57,NA,0.99,1.06,0.07
"148","C2450","Great Falls, MT MSA",1.36,1.21,1,0.7,0.81,1.29,0.41,0.33,1.14,0.66,NA,1.05,1.13,0.03
"149","C2454","Greeley, CO MSA",2.04,0.6,0.76,2.24,0.33,0.77,1.42,7.89,0.73,0.7,NA,0.74,0.92,0.06
"150","C2458","Green Bay, WI MSA",0.94,0.92,1.25,1.57,NA,0.88,1.99,0.99,NA,0.83,NA,0.93,1,0
"151","C2466","Greensboro-High Point, NC MSA",0.85,0.92,0.89,1.34,0.73,0.9,1.8,0.15,0.8,1.04,NA,0.98,1.1,NA
"152","C2478","Greenville, NC MSA",0.89,0.78,0.64,0.89,0.6,1.15,0.93,0.57,0.58,0.63,NA,0.79,0.81,NA
"153","C2486","Greenville-Anderson-Mauldin, SC MSA",0.89,0.73,0.74,1.27,0.95,1,1.66,0.1,0.71,1.21,NA,0.95,1,NA
"154","C2502","Guayama, PR MSA",NA,0.91,0.31,NA,0.34,0.49,NA,NA,0.17,NA,NA,NA,1.07,NA
"155","C2506","Gulfport-Biloxi-Pascagoula, MS MSA",1.2,0.55,0.6,1.25,0.53,1.8,1.46,0.1,0.59,0.67,NA,0.85,0.84,NA
"156","C2518","Hagerstown-Martinsburg, MD-WV MSA",0.84,1,1.3,0.81,1.11,0.9,0.89,0.26,NA,0.61,NA,1.01,1.34,NA
"157","C2522","Hammond, LA MSA",0.54,0.98,0.61,0.61,0.46,1.13,0.67,0.42,1.12,0.41,NA,0.96,1.38,0.22
"158","C2526","Hanford-Corcoran, CA MSA",0.43,0.89,0.39,1.94,0.25,0.65,1.2,11.28,0.37,0.21,NA,0.57,0.65,1.21
"159","C2542","Harrisburg-Carlisle, PA MSA",0.67,1.08,1.19,0.68,0.63,0.92,0.77,0.2,1.13,0.97,NA,1.03,1.1,NA
"160","C2550","Harrisonburg, VA MSA",1.15,0.87,0.58,1.58,0.87,1.2,1.83,1.44,0.66,0.43,NA,0.86,1.08,0.16
"161","C2554","Hartford-West Hartford-East Hartford, CT MSA",0.76,1.15,1.73,NA,0.98,0.78,1.18,NA,1.09,0.91,NA,1.01,0.89,0.1
"162","C2562","Hattiesburg, MS MSA",0.8,0.98,0.71,0.76,NA,1.19,0.78,0.51,NA,0.65,NA,0.94,1.17,NA
"163","C2586","Hickory-Lenoir-Morganton, NC MSA",0.51,0.82,0.38,2.03,0.3,0.81,3.12,0.23,0.65,0.64,NA,0.78,1.02,NA
"164","C2594","Hilton Head Island-Bluffton-Beaufort, SC MSA",1.33,0.81,0.95,0.56,0.3,2.01,0.16,0.6,1.65,0.79,NA,1.08,1.03,NA
"165","C2598","Hinesville, GA MSA",NA,0.47,0.64,0.91,0.22,NA,NA,NA,0.86,0.4,NA,0.66,0.83,NA
"166","C2610","Holland-Grand Haven, MI MSA",NA,NA,NA,NA,NA,NA,NA,NA,NA,NA,NA,NA,NA,NA
"167","C2614","Homosassa Springs, FL MSA",1.74,1.58,0.6,0.68,0.56,1.24,0.15,0.45,0.91,0.64,NA,1.09,1.2,0.18
"168","C2618","Honolulu, HI MSA",NA,NA,NA,NA,NA,NA,NA,NA,NA,NA,NA,NA,NA,NA
"169","C2630","Hot Springs, AR MSA",1.01,1.37,0.7,0.84,0.7,1.72,0.79,0.55,0.87,0.57,NA,1.08,1.06,NA
"170","C2638","Houma-Thibodaux, LA MSA",1.14,0.7,0.8,1.6,0.31,0.81,1.15,5.9,0.68,0.62,NA,0.91,1.47,0.02
"171","C2642","Houston-The Woodlands-Sugar Land, TX MSA",1.6,0.8,0.91,1.3,NA,0.96,0.96,2.45,0.93,1.12,NA,0.97,1.07,NA
"172","C2658","Huntington-Ashland, WV-KY-OH MSA",1.21,1.37,0.59,1.01,0.51,0.98,NA,NA,0.86,0.66,NA,0.98,1.09,0.09
"173","C2662","Huntsville, AL MSA",0.76,0.59,0.52,1.02,0.61,0.88,1.27,0.25,0.6,1.63,NA,0.89,0.79,NA
"174","C2682","Idaho Falls, ID MSA",1.13,0.97,0.57,0.97,0.73,0.87,0.76,1.73,0.72,1.36,NA,1.04,1.21,0
"175","C2690","Indianapolis-Carmel-Anderson, IN MSA",0.98,0.95,1.1,0.95,NA,1,1.06,0.21,NA,1.1,NA,1.04,1.12,NA
"176","C2698","Iowa City, IA MSA",0.89,0.78,0.68,0.78,1.29,1.03,0.79,0.38,0.7,0.54,NA,0.82,0.94,NA
"177","C2706","Ithaca, NY MSA",0.41,2.79,0.6,0.69,0.45,0.82,0.77,1.12,1.06,0.48,NA,1.11,0.64,0.85
"178","C2710","Jackson, MI MSA",0.65,1.14,0.53,1.38,0.29,0.81,1.95,0.24,1.11,0.81,NA,0.94,1.14,0.48
"179","C2714","Jackson, MS MSA",0.78,1.06,0.99,0.8,1.03,0.9,0.84,0.68,0.74,0.8,NA,0.94,1,NA
"180","C2718","Jackson, TN MSA",NA,1.04,0.52,1.35,NA,0.86,1.77,NA,NA,0.71,NA,0.84,0.99,NA
"181","C2726","Jacksonville, FL MSA",1.22,1.02,1.65,0.71,0.73,1.19,0.54,0.15,0.93,1.06,NA,1.11,1.08,0.25
"182","C2734","Jacksonville, NC MSA",1.04,0.54,0.63,0.49,0.38,1.55,0.22,0.35,0.75,0.8,NA,0.9,1.07,NA
"183","C2750","Janesville-Beloit, WI MSA",0.97,1.05,0.48,1.36,1.21,0.95,1.69,0.66,0.83,0.66,NA,0.96,1.25,NA
"184","C2762","Jefferson City, MO MSA",0.97,0.76,0.66,0.87,NA,0.68,0.86,0.59,NA,0.58,NA,0.76,0.96,NA
"185","C2774","Johnson City, TN MSA",0.66,1.17,0.91,0.88,0.98,1.1,1.13,0.11,0.99,0.74,NA,0.96,0.9,NA
"186","C2778","Johnstown, PA MSA",0.65,1.79,0.86,0.73,0.67,0.76,0.84,0.37,1.24,0.72,NA,1.07,1.03,NA
"187","C2786","Jonesboro, AR MSA",0.86,1.32,0.6,1.21,0.47,0.95,1.43,0.98,0.54,0.6,NA,0.95,1.14,NA
"188","C2790","Joplin, MO MSA",0.71,1.06,0.54,1.41,0.47,0.84,1.93,0.46,0.84,0.67,NA,0.96,1.37,NA
"189","C2798","Kahului-Wailuku-Lahaina, HI MSA",1.09,0.58,0.67,0.58,0.38,2.91,0.19,1.37,1.23,0.67,NA,1.12,1.07,NA
"190","C2802","Kalamazoo-Portage, MI MSA",0.85,1.06,1.06,1.43,0.33,1.03,1.7,1.62,0.99,0.78,NA,0.94,0.95,0.35
"191","C2810","Kankakee, IL MSA",0.6,1.32,0.76,1.15,0.52,0.82,1.51,0.67,0.88,0.48,NA,0.96,1.22,0.78
"192","C2814","Kansas City, MO-KS MSA",0.95,NA,1.26,0.81,NA,NA,0.84,0.16,0.86,1.26,NA,1.05,1.05,NA
"193","C2842","Kennewick-Richland, WA MSA",1.19,0.79,0.56,1.57,0.37,0.81,0.77,7.72,0.67,1.28,NA,0.87,0.83,NA
"194","C2866","Killeen-Temple, TX MSA",1.16,1.07,0.88,0.76,0.56,0.96,0.62,0.3,0.91,0.5,NA,0.88,1,0.1
"195","C2870","Kingsport-Bristol-Bristol, TN-VA MSA",NA,1.03,0.5,1.67,NA,0.99,2.12,NA,NA,0.58,NA,0.88,1.05,NA
"196","C2874","Kingston, NY MSA",0.88,1.13,0.67,0.78,0.73,1.17,0.64,1.28,1.2,0.51,NA,0.95,1.07,1.89
"197","C2894","Knoxville, TN MSA",NA,0.92,0.85,0.99,0.76,1.02,1.1,NA,0.83,1.14,NA,1,1.06,0.02
"198","C2902","Kokomo, IN MSA",0.54,0.94,0.52,2.24,0.28,1.01,3.47,0.16,0.86,0.48,NA,0.78,0.87,0
"199","C2910","La Crosse-Onalaska, WI-MN MSA",0.82,1.43,0.92,1.04,0.76,1.01,1.29,0.22,1.13,0.59,NA,1.02,1.08,0
"200","C2914","Lafayette, IN MSA",NA,NA,NA,NA,NA,NA,NA,NA,NA,NA,NA,NA,NA,NA
"201","C2918","Lafayette, LA MSA",1.17,0.92,0.94,1.58,0.63,0.97,0.97,6.63,0.73,0.76,NA,0.92,1.08,0.08
"202","C2920","Lafayette-West Lafayette, IN MSA",0.78,0.83,0.68,1.59,NA,NA,NA,NA,0.82,NA,NA,0.78,0.84,0
"203","C2934","Lake Charles, LA MSA",3.25,0.85,0.54,1.75,NA,1.38,1.18,0.47,NA,0.68,NA,0.86,0.9,0.05
"204","C2942","Lake Havasu City-Kingman, AZ MSA",1.02,1.21,0.63,0.79,0.73,1.37,0.71,0.52,1.06,0.49,NA,1.03,1.23,1.66
"205","C2946","Lakeland-Winter Haven, FL MSA",1.16,0.98,1.01,1.07,0.39,0.99,0.91,1.71,0.77,0.87,NA,1.01,1.28,0.27
"206","C2954","Lancaster, PA MSA",1.4,1.16,0.65,1.58,0.66,0.94,1.8,0.88,1.04,0.69,NA,0.98,1.19,NA
"207","C2962","Lansing-East Lansing, MI MSA",0.68,0.96,1.18,0.91,0.68,0.84,1.08,0.54,1.22,0.72,NA,0.89,0.87,0.68
"208","C2970","Laredo, TX MSA",0.41,1.03,0.7,0.36,0.32,1.01,0.08,1.86,0.55,0.58,NA,1.03,1.63,0.02
"209","C2974","Las Cruces, NM MSA",1.08,1.3,0.65,0.87,0.6,1.02,0.36,3.35,0.55,0.69,NA,0.89,0.79,NA
"210","C2982","Las Vegas-Henderson-Paradise, NV MSA",1.22,0.62,0.87,0.54,0.59,2.87,0.27,0.04,0.79,0.99,NA,1.16,0.97,0.18
"211","C2994","Lawrence, KS MSA",0.75,0.75,0.59,0.78,0.76,1.32,0.89,0.16,1.77,0.79,NA,0.9,0.85,NA
"212","C3002","Lawton, OK MSA",0.81,0.58,0.86,0.81,NA,1.06,NA,NA,NA,0.77,NA,0.79,0.88,NA
"213","C3014","Lebanon, PA MSA",0.76,1.09,0.43,1.48,0.79,0.71,2.02,0.53,0.93,0.55,NA,0.88,1.2,NA
"214","C3030","Lewiston, ID-WA MSA",0.96,1.15,0.94,1.44,0.75,0.89,1.77,0.94,0.84,0.35,NA,0.86,0.98,NA
"215","C3034","Lewiston-Auburn, ME MSA",1.05,1.51,0.76,1.09,0.55,0.68,1.19,0.61,0.72,1.03,NA,1.05,1.09,0.01
"216","C3046","Lexington-Fayette, KY MSA",0.93,0.81,0.63,1.2,1.01,1.07,1.33,1.23,0.78,1.01,NA,0.92,0.97,0.13
"217","C3062","Lima, OH MSA",0.79,1.37,0.47,1.46,0.62,0.94,2.01,0.22,1.16,0.66,NA,0.95,0.99,0.02
"218","C3070","Lincoln, NE MSA",1.06,0.98,1.32,0.89,0.75,0.96,0.91,0.25,0.94,0.8,NA,0.96,1,NA
"219","C3078","Little Rock-North Little Rock-Conway, AR MSA",0.95,1.03,NA,0.76,0.94,0.93,0.7,0.51,NA,0.91,NA,0.98,1.03,NA
"220","C3086","Logan, UT-ID MSA",0.98,0.8,0.64,1.76,0.74,0.82,2.32,0.83,0.54,0.76,NA,0.78,0.85,0.01
"221","C3098","Longview, TX MSA",2.25,1.02,0.72,1.81,0.67,0.82,1.17,4.37,0.73,0.64,NA,0.87,1.06,0.08
"222","C3102","Longview, WA MSA",1.26,1.11,0.58,1.75,0.4,0.86,1.94,2.17,0.83,0.41,NA,0.84,1.06,NA
"223","C3108","Los Angeles-Long Beach-Anaheim, CA MSA",0.81,1.06,1.02,0.86,2.01,1.1,1.01,0.14,1.07,1.09,NA,1.07,0.96,3.47
"224","C3110","Los Angeles-Long Beach-Santa Ana, CA MSA",NA,NA,NA,NA,NA,NA,NA,NA,NA,NA,NA,NA,NA,NA
"225","C3114","Louisville-Jefferson County, KY-IN MSA",NA,NA,1.28,1.15,0.72,1,NA,0.14,NA,0.93,NA,1.02,1.17,0.09
"226","C3118","Lubbock, TX MSA",NA,1.04,0.99,0.65,NA,1.18,NA,1.05,1.05,0.56,NA,0.99,1.12,NA
"227","C3134","Lynchburg, VA MSA",NA,1.13,0.77,1.39,NA,0.9,1.65,NA,1.02,0.81,NA,0.94,0.99,NA
"228","C3142","Macon, GA MSA",NA,1.33,NA,0.67,0.75,0.92,NA,0.69,0.69,0.82,NA,1.08,1.07,NA
"229","C3146","Madera, CA MSA",0.68,1.08,0.32,2.33,0.41,0.62,0.88,16.56,0.61,0.42,NA,0.65,0.61,1.9
"230","C3154","Madison, WI MSA",0.88,0.77,1.1,0.93,2.16,0.89,1.02,0.55,1.04,0.92,NA,0.93,0.89,0
"231","C3170","Manchester-Nashua, NH MSA",0.77,1.15,1.13,1.09,1.32,0.86,1.42,0.08,1.11,1,NA,1.05,1.05,0.06
"232","C3174","Manhattan, KS MSA",1.19,0.85,0.81,0.99,0.75,1.18,0.92,0.8,1.18,0.44,NA,0.85,0.95,NA
"233","C3186","Mankato-North Mankato, MN MSA",0.87,1.33,0.59,1.35,1.41,0.89,1.66,1.03,1.02,0.48,NA,0.94,1.05,NA
"234","C3190","Mansfield, OH MSA",0.87,1.04,0.5,1.58,0.7,0.93,2.17,0.2,0.87,0.71,NA,0.88,1,0.03
"235","C3242","Mayaguez, PR MSA",0.83,1.14,NA,0.59,NA,0.83,0.53,0.26,0.44,0.87,NA,0.91,1.02,NA
"236","C3258","McAllen-Edinburg-Mission, TX MSA",0.6,1.72,0.64,0.52,0.45,0.86,0.31,1.55,0.52,0.45,NA,0.99,1.14,0.16
"237","C3278","Medford, OR MSA",0.91,1.16,0.68,1.09,0.8,1.16,1.03,2.03,1.3,0.6,NA,1,1.17,0.04
"238","C3282","Memphis, TN-MS-AR MSA",0.76,0.97,0.77,0.76,0.48,1,0.86,0.17,0.81,1.09,NA,1.08,1.41,0.02
"239","C3290","Merced, CA MSA",0.54,0.77,0.36,2.27,0.22,0.65,1.44,12.9,0.5,0.35,NA,0.63,0.83,1.49
"240","C3310","Miami-Fort Lauderdale-West Palm Beach, FL MSA",0.99,0.98,1.23,0.58,0.96,1.17,0.39,0.46,1.26,1.11,NA,1.13,1.22,0.58
"241","C3314","Michigan City-La Porte, IN MSA",1,0.91,0.53,1.63,0.28,1.23,2.14,0.47,1.02,0.46,NA,0.86,1.03,NA
"242","C3322","Midland, MI MSA",1.35,1.14,0.49,1.59,1.13,0.81,1.94,0.21,1.95,1.36,NA,0.98,0.64,0.8
"243","C3326","Midland, TX MSA",NA,0.5,0.8,2.18,NA,0.92,NA,15.98,NA,0.74,NA,0.82,1.09,0.19
"244","C3334","Milwaukee-Waukesha-West Allis, WI MSA",0.75,1.24,1.12,1.24,0.87,0.86,1.68,0.12,1.11,1.06,NA,1.02,0.91,0.03
"245","C3346","Minneapolis-St. Paul-Bloomington, MN-WI MSA",0.86,1.09,1.36,1,1.02,0.89,1.2,0.24,1.07,1.11,NA,1.04,0.95,NA
"246","C3354","Missoula, MT MSA",1.01,1.18,0.83,0.61,0.81,1.3,0.4,0.62,1.56,0.8,NA,1.07,1.08,0.02
"247","C3366","Mobile, AL MSA",1.28,0.96,0.82,1.22,0.56,0.92,1.32,0.42,1.08,0.88,NA,0.96,1.11,NA
"248","C3370","Modesto, CA MSA",1.02,1.1,0.51,1.66,0.26,0.91,1.34,5.67,0.77,0.56,NA,0.86,1.03,2.06
"249","C3374","Monroe, LA MSA",1,1.32,1.11,0.95,1.33,0.94,NA,NA,0.81,0.75,NA,1.02,1,0.08
"250","C3378","Monroe, MI MSA",1.09,0.9,0.42,1.32,0.31,1.02,1.5,0.95,0.9,0.75,NA,0.97,1.42,0.37
"251","C3386","Montgomery, AL MSA",0.72,0.72,0.78,1.03,NA,0.94,1.31,0.29,NA,0.82,NA,0.84,0.92,NA
"252","C3406","Morgantown, WV MSA",1.14,1.41,0.45,0.93,0.63,1.1,0.84,0.83,0.96,0.69,NA,0.93,0.78,0.07
"253","C3410","Morristown, TN MSA",NA,0.79,0.38,2.01,0.41,0.85,2.84,NA,0.51,0.54,NA,0.8,1.18,NA
"254","C3458","Mount Vernon-Anacortes, WA MSA",1.39,0.75,0.71,1.59,0.34,0.91,1.34,3.76,0.93,0.41,NA,0.77,1.03,NA
"255","C3462","Muncie, IN MSA",0.69,1.18,0.93,0.88,0.33,1.05,1.09,0.26,0.8,0.8,NA,0.97,1,NA
"256","C3474","Muskegon, MI MSA",0.67,1.17,0.47,1.73,0.6,1.01,2.47,0.63,0.92,0.45,NA,0.9,1.11,0.39
"257","C3482","Myrtle Beach-Conway-North Myrtle Beach, SC-NC MSA",1.13,0.67,1.03,0.57,0.8,2.49,0.34,0.23,0.74,0.6,NA,1.11,1.17,NA
"258","C3490","Napa, CA MSA",1.21,0.82,0.55,1.9,0.3,1.54,1.81,4.65,0.88,0.65,NA,0.83,0.69,2.38
"259","C3494","Naples-Immokalee-Marco Island, FL MSA",2.15,0.95,1.03,1.05,0.54,1.8,0.28,2.21,1.43,0.77,NA,1.07,1,0.09
"260","C3498","Nashville-Davidson--Murfreesboro--Franklin, TN MSA",0.94,1.01,NA,0.91,NA,1.07,1.02,0.14,0.96,1.14,NA,1.06,1.03,NA
"261","C3510","New Bern, NC MSA",0.67,0.89,0.47,0.87,NA,1.01,0.96,0.87,NA,0.66,NA,0.8,0.86,NA
"262","C3530","New Haven-Milford, CT MSA",0.8,1.74,0.81,0.83,0.64,0.8,0.96,0.19,1.25,0.8,NA,1.06,0.96,0.12
"263","C3538","New Orleans-Metairie, LA MSA",1.26,1.01,0.87,0.86,0.8,1.43,0.63,0.97,NA,0.96,NA,1.06,1.08,NA
"264","C3562","New York-Newark-Jersey City, NY-NJ-PA MSA",0.86,1.24,1.47,0.55,1.51,0.89,0.46,0.07,1.3,1.11,NA,1.12,0.97,2.64
"265","C3566","Niles-Benton Harbor, MI MSA",0.6,0.95,0.6,1.75,0.37,1.08,2.41,1.38,0.94,0.73,NA,0.86,0.88,0.74
"266","C3584","North Port-Sarasota-Bradenton, FL MSA",1.56,1.19,0.92,1,0.63,1.41,0.66,1.3,1.14,0.92,NA,1.08,1.02,0.28
"267","C3598","Norwich-New London, CT MSA",0.66,1.04,0.4,1.1,0.42,1.1,1.4,0.66,0.95,0.49,NA,0.83,0.94,0.1
"268","C3610","Ocala, FL MSA",1.39,1.18,0.73,1.09,0.41,1.12,0.88,1.37,0.86,0.64,NA,0.99,1.19,0.36
"269","C3614","Ocean City, NJ MSA",1.11,0.77,0.73,0.52,0.28,2.53,0.24,0.39,1.13,0.4,NA,1.03,0.97,3.54
"270","C3622","Odessa, TX MSA",2.06,0.47,0.84,2.04,0.28,1,0.8,9.59,1.29,0.4,NA,0.81,1.24,0.02
"271","C3626","Ogden-Clearfield, UT MSA",1.51,0.82,NA,1.39,NA,0.88,1.48,0.42,0.8,0.84,NA,0.85,0.94,NA
"272","C3642","Oklahoma City, OK MSA",1.06,0.89,0.97,0.98,0.69,1.05,0.71,2.34,0.77,0.96,NA,0.94,0.97,NA
"273","C3650","Olympia-Tumwater, WA MSA",0.89,0.94,0.63,0.6,0.44,0.83,0.35,1.14,1.07,0.69,NA,0.82,0.87,0.01
"274","C3654","Omaha-Council Bluffs, NE-IA MSA",1.18,0.98,1.44,0.86,1.25,0.96,0.79,0.25,0.83,1.12,NA,1.06,1.04,NA
"275","C3674","Orlando-Kissimmee-Sanford, FL MSA",1.16,0.83,1.12,0.64,1.04,1.98,0.41,0.34,0.95,1.14,NA,1.15,1,0.3
"276","C3678","Oshkosh-Neenah, WI MSA",1.09,0.78,0.8,2.03,0.85,0.73,2.8,0.31,1.13,0.88,NA,0.83,0.85,NA
"277","C3698","Owensboro, KY MSA",1.04,1.16,NA,1.5,0.45,0.88,1.82,1.06,0.93,0.52,NA,0.93,1.02,NA
"278","C3710","Oxnard-Thousand Oaks-Ventura, CA MSA",0.97,0.86,0.99,1.52,0.81,1.04,1.08,6.01,0.84,0.78,NA,0.91,0.96,2.6
"279","C3734","Palm Bay-Melbourne-Titusville, FL MSA",1.21,1.12,0.62,1.1,0.55,1.2,1.21,0.09,1,0.98,NA,0.99,0.94,0.16
"280","C3746","Panama City, FL MSA",1.16,0.89,0.96,0.69,0.66,1.61,0.51,0.3,0.86,0.85,NA,1.04,1.06,0.23
"281","C3762","Parkersburg-Vienna, WV MSA",0.98,1.19,0.81,NA,NA,1.11,NA,NA,NA,0.61,NA,1,1.14,0.06
"282","C3770","Pascagoula, MS MSA",NA,NA,NA,NA,NA,NA,NA,NA,NA,NA,NA,NA,NA,NA
"283","C3786","Pensacola-Ferry Pass-Brent, FL MSA",1.29,1.11,1.26,0.67,0.7,1.22,0.42,0.23,0.95,0.91,NA,1.05,1,0.36
"284","C3790","Peoria, IL MSA",0.94,1.21,0.73,1.28,NA,0.97,1.62,0.32,NA,0.94,NA,0.99,0.98,0.31
"285","C3798","Philadelphia-Camden-Wilmington, PA-NJ-DE-MD MSA",NA,1.4,1.31,0.74,0.82,0.87,NA,NA,1.1,1.1,NA,1.1,0.96,0.39
"286","C3806","Phoenix-Mesa-Scottsdale, AZ MSA",1.13,0.98,1.53,0.82,0.96,1.02,0.72,0.44,0.88,1.19,NA,1.09,1.03,1.95
"287","C3822","Pine Bluff, AR MSA",0.45,1.08,0.67,1.37,NA,NA,1.9,1.11,0.67,0.43,NA,0.73,0.84,NA
"288","C3830","Pittsburgh, PA MSA",1.01,1.35,1.09,0.92,0.77,0.97,0.9,0.71,1.16,1.08,NA,1.09,0.98,NA
"289","C3834","Pittsfield, MA MSA",0.95,1.67,0.71,0.84,0.62,1.37,0.86,0.29,1.18,0.58,NA,1.06,0.9,NA
"290","C3854","Pocatello, ID MSA",0.92,1.16,1.13,0.67,0.6,1.01,0.61,0.28,0.71,0.8,NA,0.98,0.99,NA
"291","C3866","Ponce, PR MSA",NA,1.03,NA,1.05,0.54,0.73,NA,1.38,NA,NA,NA,0.81,0.98,NA
"292","C3886","Portland-South Portland, ME MSA",0.94,1.25,1.15,0.91,0.7,1.12,NA,NA,0.99,0.85,NA,1.04,1.01,0
"293","C3890","Portland-Vancouver-Hillsboro, OR-WA MSA",1.08,0.93,0.95,1.16,1.09,0.95,1.26,0.86,1.28,1.09,NA,1,0.97,0.07
"294","C3894","Port St. Lucie, FL MSA",1.38,1.21,0.68,0.83,0.46,1.23,0.53,0.94,1.37,0.81,NA,1.06,1.14,0.6
"295","C3910","Poughkeepsie-Newburgh-Middletown, NY MSA",NA,NA,NA,NA,NA,NA,NA,NA,NA,NA,NA,NA,NA,NA
"296","C3914","Prescott, AZ MSA",1.34,1.26,0.55,0.94,0.47,1.38,0.63,1.49,0.87,0.48,NA,0.98,1.08,1.73
"297","C3930","Providence-Warwick, RI-MA MSA",NA,1.4,0.95,0.93,0.83,1.08,NA,NA,1.19,0.83,NA,1.05,0.96,0
"298","C3934","Provo-Orem, UT MSA",1.94,1.09,0.61,1.23,NA,0.8,0.98,0.5,NA,1.01,NA,0.98,0.94,0.03
"299","C3938","Pueblo, CO MSA",1.21,1.31,0.51,0.91,0.57,1.03,0.87,0.22,0.75,0.84,NA,0.95,0.92,0.05
"300","C3946","Punta Gorda, FL MSA",1.63,1.32,0.75,0.7,0.49,1.39,0.2,0.82,1.09,0.67,NA,1.09,1.23,0.06
"301","C3954","Racine, WI MSA",0.71,0.99,0.57,1.94,0.33,0.93,2.85,0.32,0.84,0.6,NA,0.84,1,NA
"302","C3958","Raleigh, NC MSA",1.26,0.79,0.91,0.82,1.75,1.05,0.68,0.24,0.95,1.37,NA,1.03,0.95,0
"303","C3966","Rapid City, SD MSA",1.56,1.07,1.08,0.81,0.69,1.42,0.51,0.24,1.15,0.55,NA,1.02,1.1,NA
"304","C3974","Reading, PA MSA",0.91,1.07,0.61,1.62,0.33,0.78,2.06,1.2,0.95,0.92,NA,0.92,1.01,NA
"305","C3982","Redding, CA MSA",0.87,1.44,0.72,0.66,0.56,0.96,0.42,1.44,0.95,0.7,NA,1,1.03,2.46
"306","C3990","Reno, NV MSA",1.36,NA,NA,0.86,0.5,1.61,0.71,0.13,0.85,0.98,NA,1.06,1.2,NA
"307","C4006","Richmond, VA MSA",NA,0.96,1.36,0.73,0.59,0.91,NA,NA,NA,1.16,NA,1.03,0.99,NA
"308","C4014","Riverside-San Bernardino-Ontario, CA MSA",1.37,0.95,0.57,0.98,0.43,1.03,0.8,0.83,0.9,0.77,NA,0.97,1.27,2.54
"309","C4022","Roanoke, VA MSA",NA,1.1,0.91,1.07,NA,0.86,1.16,NA,1.16,0.95,NA,1,1.11,NA
"310","C4034","Rochester, MN MSA",0.8,2.57,0.41,0.97,0.89,0.86,1.09,0.78,0.84,0.34,NA,1.07,0.81,NA
"311","C4038","Rochester, NY MSA",0.81,1.38,0.76,1.12,0.88,0.83,1.33,0.75,1.16,0.92,NA,0.98,0.84,0.93
"312","C4042","Rockford, IL MSA",0.7,1.06,0.64,1.72,0.51,0.87,2.5,0.19,1.1,0.75,NA,0.91,1.03,0.35
"313","C4058","Rocky Mount, NC MSA",0.82,0.74,0.48,1.68,NA,0.9,2.09,1.9,NA,0.66,NA,0.81,1.05,NA
"314","C4066","Rome, GA MSA",0.44,1.58,0.56,1.2,1.04,0.9,1.76,0.21,0.69,0.46,NA,0.97,1.05,0.94
"315","C4090","Sacramento--Roseville--Arden-Arcade, CA MSA",1.17,0.98,0.97,0.7,0.69,0.95,0.44,0.74,0.98,0.93,NA,0.91,0.82,2.22
"316","C4098","Saginaw, MI MSA",0.68,1.23,0.71,1.21,0.74,0.97,1.64,0.31,0.95,0.93,NA,1,1.01,0.44
"317","C4106","St. Cloud, MN MSA",1.26,1.25,0.84,1.47,0.8,0.8,1.69,0.86,0.91,0.57,NA,0.94,1.1,NA
"318","C4110","St. George, UT MSA",1.97,1.13,0.7,1.01,0.68,1.4,0.63,0.33,0.85,0.57,NA,1.02,1.21,0.03
"319","C4114","St. Joseph, MO-KS MSA",0.82,0.93,0.75,1.56,NA,0.83,NA,NA,NA,0.68,NA,0.85,1.02,NA
"320","C4118","St. Louis, MO-IL MSA",NA,1.18,1.1,0.92,NA,1.05,1,NA,NA,1.04,NA,1.06,0.99,0.08
"321","C4142","Salem, OR MSA",1.13,0.96,0.63,1.38,0.31,0.81,0.89,5.17,1.28,0.56,NA,0.78,0.81,0.02
"322","C4150","Salinas, CA MSA",0.61,0.64,0.39,2.32,0.36,1.16,0.34,20.03,0.84,0.49,NA,0.7,0.73,1.49
"323","C4154","Salisbury, MD-DE MSA",1.11,1.02,0.74,1.04,0.39,1.64,1.06,0.68,1.05,0.54,NA,0.99,1.06,NA
"324","C4162","Salt Lake City, UT MSA",1.12,0.75,1.44,0.93,1.3,0.8,0.93,0.32,0.87,1.25,NA,1.02,1.06,0.07
"325","C4166","San Angelo, TX MSA",NA,NA,NA,1.08,0.8,1.11,NA,3.13,1.11,0.54,NA,0.94,1.01,0.19
"326","C4170","San Antonio-New Braunfels, TX MSA",1.13,1,1.47,0.75,1.13,1.2,0.55,0.72,0.93,0.9,NA,1.03,0.92,0.14
"327","C4174","San Diego-Carlsbad, CA MSA",1.09,0.9,0.92,0.9,0.87,1.23,0.86,0.48,1.17,1.19,NA,1.01,0.83,3.02
"328","C4186","San Francisco-Oakland-Hayward, CA MSA",1.06,0.95,1.02,0.72,1.9,1.05,0.64,0.14,1.21,1.45,NA,1.09,0.84,3.08
"329","C4190","San German, PR MSA",NA,1.11,0.31,1.58,NA,0.73,2.04,NA,NA,0.54,NA,0.74,0.82,NA
"330","C4194","San Jose-Sunnyvale-Santa Clara, CA MSA",0.91,0.94,0.61,1.36,NA,0.85,1.76,0.38,0.81,1.47,NA,1.02,0.7,NA
"331","C4198","San Juan-Carolina-Caguas, PR MSA",0.63,0.84,0.98,0.7,1.33,0.87,0.8,0.33,NA,1.02,NA,0.95,1.03,NA
"332","C4202","San Luis Obispo-Paso Robles-Arroyo Grande, CA MSA",1.23,0.79,0.64,1.1,0.63,1.41,0.69,3.14,1.51,0.79,NA,0.95,0.94,2.95
"333","C4206","Santa Barbara-Santa Maria-Goleta, CA MSA",NA,NA,NA,NA,NA,NA,NA,NA,NA,NA,NA,NA,NA,NA
"334","C4210","Santa Cruz-Watsonville, CA MSA",0.78,1.08,0.63,1.23,0.42,1.24,0.74,5.73,1.27,0.69,NA,0.93,0.87,3.1
"335","C4214","Santa Fe, NM MSA",0.92,1.11,0.69,0.41,0.67,1.48,0.16,0.36,1.35,0.52,NA,0.95,0.88,NA
"336","C4220","Santa Maria-Santa Barbara, CA MSA",0.87,0.86,0.59,1.48,1.13,1.26,0.75,7.89,0.96,0.81,NA,0.87,0.75,2.13
"337","C4222","Santa Rosa, CA MSA",1.27,1.06,0.72,1.34,0.7,1.14,1.24,2.19,1.09,0.73,NA,0.95,0.96,2.84
"338","C4226","Sarasota-Bradenton-Venice, FL MSA",NA,NA,NA,NA,NA,NA,NA,NA,NA,NA,NA,NA,NA,NA
"339","C4234","Savannah, GA MSA",0.8,0.97,0.65,0.98,0.59,1.42,1.21,0.11,0.98,0.76,NA,1.03,1.2,1.66
"340","C4254","Scranton--Wilkes-Barre--Hazleton, PA MSA",0.74,1.31,0.86,1,0.7,0.86,1.23,0.41,0.91,0.77,NA,1.05,1.29,NA
"341","C4266","Seattle-Tacoma-Bellevue, WA MSA",1.2,0.87,0.89,1.08,2.69,0.92,1.15,0.2,1.05,1.02,NA,1,0.99,0
"342","C4268","Sebastian-Vero Beach, FL MSA",1.45,1.29,0.93,0.96,0.59,1.41,0.46,2.51,1.41,0.69,NA,1.08,1.07,0.18
"343","C4270","Sebring, FL MSA",0.89,1.39,0.53,1.16,0.31,1.01,0.28,7.41,0.73,0.68,NA,0.96,1.05,0.09
"344","C4310","Sheboygan, WI MSA",0.73,0.76,0.79,2.65,0.21,0.82,3.95,0.82,0.77,0.51,NA,0.73,0.86,NA
"345","C4330","Sherman-Denison, TX MSA",1.24,1.38,1.15,1.28,0.49,1.02,1.39,0.76,0.72,0.46,NA,0.95,0.96,0.1
"346","C4334","Shreveport-Bossier City, LA MSA",NA,1.2,0.72,0.93,0.58,1.24,NA,1.99,0.77,0.65,NA,0.98,1.08,0.05
"347","C4342","Sierra Vista-Douglas, AZ MSA",0.75,0.85,0.49,0.57,0.67,1.02,0.18,2.4,0.58,0.83,NA,0.84,0.9,0.29
"348","C4358","Sioux City, IA-NE-SD MSA",1.58,0.91,0.78,1.73,NA,0.88,NA,NA,NA,0.63,NA,0.89,1.14,NA
"349","C4362","Sioux Falls, SD MSA",1.15,1.3,1.93,1.01,0.92,0.92,NA,NA,0.8,0.68,NA,1.09,1.13,NA
"350","C4378","South Bend-Mishawaka, IN-MI MSA",0.81,1.58,0.7,1.19,0.63,0.96,1.53,0.26,1.04,0.68,NA,1.02,0.98,0.25
"351","C4390","Spartanburg, SC MSA",0.89,0.58,0.59,1.71,NA,0.88,2.38,0.19,NA,0.76,NA,0.84,1.21,NA
"352","C4406","Spokane-Spokane Valley, WA MSA",1.01,1.32,1.02,0.87,0.69,0.87,0.85,0.55,0.9,0.77,NA,1,1.03,NA
"353","C4410","Springfield, IL MSA",0.65,1,0.88,0.39,NA,0.74,0.26,0.39,1.2,0.64,NA,0.8,0.71,NA
"354","C4414","Springfield, MA MSA",0.75,1.73,0.84,0.79,0.59,0.88,0.91,0.18,1.05,0.56,NA,1,0.9,NA
"355","C4418","Springfield, MO MSA",NA,1.24,0.98,0.8,1.07,0.95,0.86,NA,0.92,0.82,NA,1.06,1.23,NA
"356","C4422","Springfield, OH MSA",0.47,1.15,1.26,1.13,0.16,0.99,1.56,0.61,1.18,0.68,NA,0.99,1.06,NA
"357","C4430","State College, PA MSA",0.9,0.9,0.63,0.72,0.79,0.96,0.68,0.37,0.92,0.59,NA,0.78,0.77,NA
"358","C4442","Staunton-Waynesboro, VA MSA",NA,0.98,0.48,1.41,0.65,0.87,1.72,NA,1.03,0.56,NA,0.87,1.15,0.25
"359","C4470","Stockton-Lodi, CA MSA",0.95,0.99,0.56,1.31,0.43,0.78,0.9,5.01,0.89,0.59,NA,0.91,1.29,1.74
"360","C4494","Sumter, SC MSA",1.27,1.12,0.47,1.61,0.27,0.92,1.99,0.35,0.92,0.66,NA,0.83,0.84,NA
"361","C4506","Syracuse, NY MSA",0.85,1.18,0.91,0.85,0.72,0.92,0.93,0.37,1.11,0.76,NA,1,1.1,0.83
"362","C4522","Tallahassee, FL MSA",0.84,0.84,NA,0.47,NA,1.04,0.21,0.91,1.17,0.77,NA,0.84,0.75,0.11
"363","C4530","Tampa-St. Petersburg-Clearwater, FL MSA",1.14,1.05,1.45,0.76,1.03,1.11,0.58,0.61,0.93,1.18,NA,1.1,1.02,0.31
"364","C4546","Terre Haute, IN MSA",0.93,1.06,0.66,1.51,0.45,1,1.87,1.16,0.93,0.55,NA,0.87,0.98,NA
"365","C4550","Texarkana, TX-AR MSA",0.8,1.02,0.7,0.91,NA,1.04,1.04,0.5,NA,0.48,NA,0.91,1.21,0.07
"366","C4554","The Villages, FL MSA",2.32,1.16,0.75,1.13,0.13,1.41,0.5,1.16,0.58,0.42,NA,0.92,1.01,0.16
"367","C4578","Toledo, OH MSA",0.92,1.12,0.58,1.33,0.5,1.03,1.71,0.28,0.99,0.87,NA,0.95,1,0.07
"368","C4582","Topeka, KS MSA",1.1,1.08,NA,0.83,NA,0.73,0.76,0.36,1,0.87,NA,0.9,0.8,NA
"369","C4594","Trenton, NJ MSA",0.45,1.11,1.32,0.37,1,0.58,0.37,0.06,0.99,1.12,NA,0.95,0.77,1.53
"370","C4606","Tucson, AZ MSA",0.89,1.16,0.81,0.75,0.64,1.11,0.72,0.57,0.98,1,NA,0.99,0.87,2.01
"371","C4614","Tulsa, OK MSA",1.17,0.96,0.94,1.28,NA,0.93,1.33,1.23,NA,1,NA,0.98,1.08,NA
"372","C4622","Tuscaloosa, AL MSA",0.87,0.55,0.72,1.51,0.43,1.01,1.78,1.91,0.7,0.74,NA,0.76,0.86,NA
"373","C4634","Tyler, TX MSA",0.86,1.46,0.84,0.9,1.13,0.98,0.7,2.28,1.13,0.6,NA,1.04,1.13,0.08
"374","C4652","Urban Honolulu, HI MSA",1.19,0.89,0.78,0.56,0.79,1.36,0.27,0.33,1.37,1.03,NA,1.01,0.95,0
"375","C4654","Utica-Rome, NY MSA",0.53,1.38,0.99,0.82,0.7,0.81,1.06,0.32,0.91,0.47,NA,0.9,0.89,0.79
"376","C4666","Valdosta, GA MSA",0.99,NA,NA,1.04,NA,1.28,0.9,2.12,NA,NA,NA,0.89,1.11,NA
"377","C4670","Vallejo-Fairfield, CA MSA",1.47,1.22,0.66,1.15,0.42,1.03,1,1.08,0.9,0.52,NA,0.93,1.06,2.02
"378","C4694","Vero Beach, FL MSA",NA,NA,NA,NA,NA,NA,NA,NA,NA,NA,NA,NA,NA,NA
"379","C4702","Victoria, TX MSA",1.21,1.05,0.87,1.28,NA,0.97,0.66,5.32,NA,0.42,NA,0.93,1.23,0.09
"380","C4722","Vineland-Bridgeton, NJ MSA",0.93,1.11,0.39,1.64,0.4,0.57,1.63,4.03,0.81,0.42,NA,0.8,1.1,1.76
"381","C4726","Virginia Beach-Norfolk-Newport News, VA-NC MSA",NA,0.92,NA,0.82,0.74,1.1,NA,NA,1.01,0.96,NA,0.95,0.91,NA
"382","C4730","Visalia-Porterville, CA MSA",0.66,0.55,0.46,2.41,0.32,0.65,0.88,17.41,0.61,0.44,NA,0.64,0.93,1.7
"383","C4738","Waco, TX MSA",1.27,1.04,0.96,1.41,0.49,0.93,1.66,0.34,0.83,0.72,NA,0.9,0.94,0.09
"384","C4746","Walla Walla, WA MSA",0.72,1.28,0.56,1.95,0.62,0.69,1.44,9.06,0.77,0.25,NA,0.72,0.68,0.19
"385","C4758","Warner Robins, GA MSA",NA,0.57,0.43,0.96,0.22,1.04,NA,0.67,0.55,0.58,NA,0.68,0.76,1.23
"386","C4790","Washington-Arlington-Alexandria, DC-VA-MD-WV MSA",NA,0.83,0.83,0.45,1.24,0.94,0.2,NA,1.78,1.6,NA,1.01,0.67,0.96
"387","C4794","Waterloo-Cedar Falls, IA MSA",0.85,0.99,0.98,1.55,0.5,0.85,2.08,0.55,1.19,0.62,NA,0.9,1.03,NA
"388","C4806","Watertown-Fort Drum, NY MSA",0.9,1.02,0.52,0.76,0.8,1.06,0.66,0.89,1.14,0.37,NA,0.88,1.1,0.83
"389","C4814","Wausau, WI MSA",0.75,0.94,1.23,1.87,0.28,0.72,2.59,1.11,0.79,0.53,NA,0.88,1.17,NA
"390","C4826","Weirton-Steubenville, WV-OH MSA",NA,1.4,0.56,1.21,0.48,1.2,1.58,NA,0.97,0.32,NA,0.97,1.15,0.06
"391","C4830","Wenatchee, WA MSA",0.85,0.8,0.47,2.24,0.53,1.01,0.55,17.07,0.58,0.31,NA,0.73,0.93,NA
"392","C4854","Wheeling, WV-OH MSA",NA,1.27,0.7,1.06,0.59,1.1,0.56,NA,1.1,0.66,NA,1,1.09,0.02
"393","C4862","Wichita, KS MSA",1.15,0.98,0.7,1.61,NA,1,2.04,0.38,NA,0.81,NA,0.9,0.93,NA
"394","C4866","Wichita Falls, TX MSA",0.72,1.08,0.79,1.02,0.59,NA,1.02,1.98,1.11,0.47,NA,0.91,1.07,NA
"395","C4870","Williamsport, PA MSA",0.98,1.12,0.71,1.56,0.47,0.78,1.69,2.63,1.25,0.62,NA,0.9,1.06,NA
"396","C4890","Wilmington, NC MSA",1.2,0.81,0.78,0.75,1.31,1.42,0.57,0.41,0.95,0.93,NA,1.01,1.06,NA
"397","C4902","Winchester, VA-WV MSA",NA,1.17,0.93,1.15,NA,0.93,1.35,NA,0.73,NA,NA,0.96,1.11,0.21
"398","C4918","Winston-Salem, NC MSA",0.78,1.31,NA,1.11,NA,0.94,1.44,0.11,0.88,1,NA,1.02,0.97,0
"399","C4934","Worcester, MA-CT MSA",NA,1.5,0.81,1.02,0.63,0.85,1.24,NA,0.97,0.7,NA,1,1.01,0
"400","C4942","Yakima, WA MSA",0.64,0.97,0.37,2.58,0.37,0.61,0.86,19.33,0.46,0.24,NA,0.66,0.9,NA
"401","C4950","Yauco, PR MSA",NA,NA,NA,NA,NA,NA,NA,NA,NA,NA,NA,NA,NA,NA
"402","C4962","York-Hanover, PA MSA",1.26,0.99,0.5,1.64,0.46,0.84,2.04,0.36,1.32,0.78,NA,0.92,1.13,NA
"403","C4966","Youngstown-Warren-Boardman, OH-PA MSA",0.84,1.27,0.59,1.25,0.44,1.03,1.61,0.35,0.95,0.69,NA,0.98,1.12,0.04
"404","C4970","Yuba City, CA MSA",0.86,1.04,0.54,1.34,0.38,0.88,0.55,7.74,0.63,0.48,NA,0.81,0.97,2.17
"405","C4974","Yuma, AZ MSA",0.77,0.72,0.48,1.84,0.39,0.8,0.38,14.23,0.58,0.72,NA,0.72,0.82,0.67
